date,close
4/1/11,0.2989
5/1/11,0.299
6/1/11,0.298
7/1/11,0.32
8/1/11,0.3229
9/1/11,0.323
10/1/11,0.3266
11/1/11,0.3266
12/1/11,0.3188
13/1/11,0.3176
14/1/11,0.4
15/1/11,0.386
16/1/11,0.3868
17/1/11,0.3495
18/1/11,0.313
19/1/11,0.313
20/1/11,0.39
21/1/11,0.4199
22/1/11,0.4443
23/1/11,0.4424
24/1/11,0.4199
25/1/11,0.41
26/1/11,0.417
27/1/11,0.4212
28/1/11,0.446
29/1/11,0.439
30/1/11,0.4799
31/1/11,0.52
1/2/11,0.7
2/2/11,0.716
3/2/11,0.69
4/2/11,0.811
5/2/11,0.92
6/2/11,0.8997
7/2/11,0.89
8/2/11,0.918
9/2/11,1.09
10/2/11,0.9803
11/2/11,1.07
12/2/11,1.08
13/2/11,1.05
14/2/11,1.07
15/2/11,1.05
16/2/11,1.05
17/2/11,1.04
18/2/11,0.8989
19/2/11,0.949
20/2/11,0.85
21/2/11,0.8345
22/2/11,0.8702
23/2/11,0.9
24/2/11,0.9974
25/2/11,0.9111
26/2/11,0.958
27/2/11,0.89
28/2/11,0.86
1/3/11,0.9202
2/3/11,0.9399
3/3/11,0.9391
4/3/11,0.901
5/3/11,0.9103
6/3/11,0.8999
7/3/11,0.885
8/3/11,0.87
9/3/11,0.8645
10/3/11,0.9329
11/3/11,0.88
12/3/11,0.918
13/3/11,0.8925
14/3/11,0.8949
15/3/11,0.87
16/3/11,0.86
17/3/11,0.8254
18/3/11,0.8165
19/3/11,0.765
20/3/11,0.7411
21/3/11,0.759
22/3/11,0.809
23/3/11,0.8497
24/3/11,0.8669
25/3/11,0.8838
26/3/11,0.8552
27/3/11,0.82
28/3/11,0.799
29/3/11,0.7925
30/3/11,0.7897
31/3/11,0.7846
1/4/11,0.7741
2/4/11,0.782
3/4/11,0.779
4/4/11,0.68
5/4/11,0.71
6/4/11,0.74
7/4/11,0.7538
8/4/11,0.75
9/4/11,0.73
10/4/11,0.7369
11/4/11,0.77
12/4/11,0.86
13/4/11,0.9225
14/4/11,1
15/4/11,0.9899
16/4/11,1.05
17/4/11,1.11
18/4/11,1.16
19/4/11,1.2
20/4/11,1.14
21/4/11,1.21
22/4/11,1.41
23/4/11,1.7
24/4/11,1.63
25/4/11,1.56
26/4/11,1.79
27/4/11,1.9
28/4/11,2.21
29/4/11,2.88
30/4/11,3.5
1/5/11,3.03
2/5/11,3.2
3/5/11,3.41
4/5/11,3.41
5/5/11,3.33
6/5/11,3.45
7/5/11,3.64
8/5/11,3.87
9/5/11,3.8
10/5/11,5.81
11/5/11,5.5
12/5/11,6.3
13/5/11,8.2
14/5/11,7.2
15/5/11,6.99
16/5/11,8.03
17/5/11,7.19
18/5/11,6.88
19/5/11,6.81
20/5/11,5.59
21/5/11,6.12
22/5/11,6.69
23/5/11,7.15
24/5/11,7.42
25/5/11,8.4
26/5/11,8.8
27/5/11,8.5
28/5/11,8.3
29/5/11,8.43
30/5/11,8.8
31/5/11,8.74
1/6/11,9.57
2/6/11,10.6
3/6/11,14.29
4/6/11,18.89
5/6/11,16.7
6/6/11,18.55
7/6/11,23.92
8/6/11,29.6
9/6/11,28.92
10/6/11,23.95
11/6/11,14.65
12/6/11,18.55
13/6/11,19.84
14/6/11,19.28
15/6/11,19.49
16/6/11,17
17/6/11,15.68
18/6/11,16.89
19/6/11,17.51
20/6/11,17.51
21/6/11,17.51
22/6/11,17.51
23/6/11,17.51
24/6/11,17.51
25/6/11,17.51
26/6/11,16.45
27/6/11,16.75
28/6/11,16.95
29/6/11,16.85
30/6/11,16.1
1/7/11,15.4
2/7/11,15.4
3/7/11,15.44
4/7/11,13.86
5/7/11,12.91
6/7/11,14.78
7/7/11,14.78
8/7/11,14.31
9/7/11,14.38
10/7/11,14.9
11/7/11,14.21
12/7/11,14.01
13/7/11,13.95
14/7/11,13.99
15/7/11,13.81
16/7/11,13.72
17/7/11,13.16
18/7/11,13.48
19/7/11,13.85
20/7/11,13.69
21/7/11,13.61
22/7/11,13.7
23/7/11,13.68
24/7/11,13.98
25/7/11,14.05
26/7/11,13.88
27/7/11,13.94
28/7/11,13.49
29/7/11,13.5
30/7/11,13.53
31/7/11,13.35
1/8/11,13.09
2/8/11,12.05
3/8/11,9.26
4/8/11,10.75
5/8/11,9.8
6/8/11,6.55
7/8/11,7.9
8/8/11,7.8
9/8/11,9.99
10/8/11,9.98
11/8/11,9.46
12/8/11,9.46
13/8/11,10.13
14/8/11,10.8
15/8/11,11.15
16/8/11,10.96
17/8/11,10.95
18/8/11,10.83
19/8/11,11.65
20/8/11,11.45
21/8/11,11.31
22/8/11,10.9
23/8/11,10.94
24/8/11,10.85
25/8/11,9.66
26/8/11,8.18
27/8/11,8.59
28/8/11,9.07
29/8/11,8.97
30/8/11,8.79
31/8/11,8.2
1/9/11,8.21
2/9/11,8.64
3/9/11,8.48
4/9/11,8.18
5/9/11,7.61
6/9/11,6.86
7/9/11,7.19
8/9/11,6.53
9/9/11,5.03
10/9/11,4.77
11/9/11,5.86
12/9/11,6.08
13/9/11,5.8
14/9/11,5.62
15/9/11,4.84
16/9/11,4.82
17/9/11,4.77
18/9/11,5.2
19/9/11,5.46
20/9/11,6.11
21/9/11,5.61
22/9/11,5.43
23/9/11,5.55
24/9/11,5.47
25/9/11,5.33
26/9/11,4.87
27/9/11,4.92
28/9/11,4.77
29/9/11,4.78
30/9/11,5.14
1/10/11,5.03
2/10/11,5.03
3/10/11,5.02
4/10/11,4.96
5/10/11,4.87
6/10/11,4.73
7/10/11,4.27
8/10/11,4.01
9/10/11,4.1
10/10/11,4.1
11/10/11,3.93
12/10/11,4.15
13/10/11,4.05
14/10/11,3.99
15/10/11,3.84
16/10/11,3.56
17/10/11,2.56
18/10/11,2.42
19/10/11,2.27
20/10/11,2.35
21/10/11,2.57
22/10/11,3.16
23/10/11,3.17
24/10/11,2.55
25/10/11,2.77
26/10/11,2.77
27/10/11,3.04
28/10/11,3.19
29/10/11,3.58
30/10/11,3.27
31/10/11,3.25
1/11/11,3.15
2/11/11,3.25
3/11/11,3.15
4/11/11,3.11
5/11/11,2.97
6/11/11,2.96
7/11/11,3.01
8/11/11,3.04
9/11/11,2.95
10/11/11,2.84
11/11/11,3.08
12/11/11,3.03
13/11/11,3
14/11/11,2.22
15/11/11,2.33
16/11/11,2.56
17/11/11,2.25
18/11/11,2.05
19/11/11,2.2
20/11/11,2.2
21/11/11,2.29
22/11/11,2.33
23/11/11,2.33
24/11/11,2.43
25/11/11,2.51
26/11/11,2.47
27/11/11,2.48
28/11/11,2.55
29/11/11,2.75
30/11/11,2.97
1/12/11,3.06
2/12/11,3.12
3/12/11,2.79
4/12/11,2.83
5/12/11,2.88
6/12/11,3.03
7/12/11,2.99
8/12/11,2.98
9/12/11,2.97
10/12/11,3.05
11/12/11,3.25
12/12/11,3.14
13/12/11,3.25
14/12/11,3.15
15/12/11,3.2
16/12/11,3.2
17/12/11,3.2
18/12/11,3.19
19/12/11,3.52
20/12/11,3.95
21/12/11,3.89
22/12/11,3.89
23/12/11,3.95
24/12/11,3.94
25/12/11,4.22
26/12/11,4.02
27/12/11,4.07
28/12/11,4.19
29/12/11,4.17
30/12/11,4.25
31/12/11,4.72
1/1/12,5.27
2/1/12,5.22
3/1/12,4.88
4/1/12,5.57
5/1/12,6.95
6/1/12,6.7
7/1/12,6.81
8/1/12,7.11
9/1/12,6.33
10/1/12,6.36
11/1/12,6.9
12/1/12,6.8
13/1/12,6.41
14/1/12,6.75
15/1/12,7
16/1/12,6.68
17/1/12,5.6
18/1/12,5.92
19/1/12,6.36
20/1/12,6.49
21/1/12,6.18
22/1/12,6.31
23/1/12,6.36
24/1/12,6.29
25/1/12,5.75
26/1/12,5.34
27/1/12,5.29
28/1/12,5.63
29/1/12,5.38
30/1/12,5.49
31/1/12,5.48
1/2/12,6.08
2/2/12,6.1
3/2/12,5.96
4/2/12,5.87
5/2/12,5.69
6/2/12,5.45
7/2/12,5.69
8/2/12,5.6
9/2/12,5.83
10/2/12,5.91
11/2/12,5.6
12/2/12,5.51
13/2/12,5.26
14/2/12,4.46
15/2/12,4.33
16/2/12,4.27
17/2/12,4.41
18/2/12,4.22
19/2/12,4.39
20/2/12,4.36
21/2/12,4.27
22/2/12,4.42
23/2/12,5.01
24/2/12,5.03
25/2/12,4.77
26/2/12,4.92
27/2/12,4.96
28/2/12,4.87
29/2/12,4.86
1/3/12,4.92
2/3/12,4.7
3/3/12,4.61
4/3/12,4.82
5/3/12,4.98
6/3/12,4.99
7/3/12,4.94
8/3/12,4.93
9/3/12,4.86
10/3/12,4.83
11/3/12,4.91
12/3/12,4.89
13/3/12,5.27
14/3/12,5.38
15/3/12,5.33
16/3/12,5.34
17/3/12,5.22
18/3/12,5.28
19/3/12,4.69
20/3/12,4.84
21/3/12,4.81
22/3/12,4.7
23/3/12,4.69
24/3/12,4.68
25/3/12,4.55
26/3/12,4.62
27/3/12,4.81
28/3/12,4.79
29/3/12,4.81
30/3/12,4.86
31/3/12,4.91
1/4/12,4.83
2/4/12,4.97
3/4/12,4.95
4/4/12,4.91
5/4/12,4.92
6/4/12,4.95
7/4/12,4.69
8/4/12,4.79
9/4/12,4.87
10/4/12,4.84
11/4/12,4.93
12/4/12,4.92
13/4/12,4.94
14/4/12,4.96
15/4/12,4.97
16/4/12,4.93
17/4/12,4.98
18/4/12,5.12
19/4/12,5.14
20/4/12,5.35
21/4/12,5.26
22/4/12,5.2
23/4/12,4.96
24/4/12,5.1
25/4/12,5.13
26/4/12,5.1
27/4/12,5.11
28/4/12,4.98
29/4/12,4.9
30/4/12,4.95
1/5/12,5
2/5/12,5.07
3/5/12,5.13
4/5/12,5.07
5/5/12,5.08
6/5/12,5.05
7/5/12,5.06
8/5/12,5.05
9/5/12,5.04
10/5/12,4.85
11/5/12,4.96
12/5/12,4.95
13/5/12,4.93
14/5/12,5.01
15/5/12,5.04
16/5/12,5.09
17/5/12,5.1
18/5/12,5.12
19/5/12,5.1
20/5/12,5.09
21/5/12,5.1
22/5/12,5.1
23/5/12,5.14
24/5/12,5.12
25/5/12,5.15
26/5/12,5.1
27/5/12,5.14
28/5/12,5.14
29/5/12,5.15
30/5/12,5.14
31/5/12,5.18
1/6/12,5.27
2/6/12,5.25
3/6/12,5.21
4/6/12,5.27
5/6/12,5.44
6/6/12,5.46
7/6/12,5.59
8/6/12,5.63
9/6/12,5.56
10/6/12,5.47
11/6/12,5.57
12/6/12,5.7
13/6/12,5.93
14/6/12,5.95
15/6/12,6.5
16/6/12,6.4
17/6/12,6.16
18/6/12,6.31
19/6/12,6.5
20/6/12,6.67
21/6/12,6.68
22/6/12,6.55
23/6/12,6.43
24/6/12,6.35
25/6/12,6.3
26/6/12,6.42
27/6/12,6.65
28/6/12,6.61
29/6/12,6.65
30/6/12,6.69
1/7/12,6.63
2/7/12,6.76
3/7/12,6.45
4/7/12,6.51
5/7/12,6.67
6/7/12,6.65
7/7/12,6.76
8/7/12,6.8
9/7/12,7.02
10/7/12,7.2
11/7/12,7.15
12/7/12,7.76
13/7/12,7.67
14/7/12,7.54
15/7/12,7.62
16/7/12,8.5
17/7/12,8.8
18/7/12,9.11
19/7/12,8.87
20/7/12,8.52
21/7/12,8.85
22/7/12,8.41
23/7/12,8.45
24/7/12,8.6
25/7/12,8.8
26/7/12,8.9
27/7/12,8.9
28/7/12,8.89
29/7/12,8.71
30/7/12,9.1
31/7/12,9.35
1/8/12,9.55
2/8/12,10.53
3/8/12,10.97
4/8/12,10.98
5/8/12,10.87
6/8/12,10.86
7/8/12,11.1
8/8/12,11.06
9/8/12,11.06
10/8/12,11.39
11/8/12,11.51
12/8/12,11.62
13/8/12,12.04
14/8/12,12.19
15/8/12,13.25
16/8/12,13.5
17/8/12,11.58
18/8/12,11.61
19/8/12,8
20/8/12,10.1
21/8/12,9.92
22/8/12,9.81
23/8/12,10.1
24/8/12,10.6
25/8/12,10.52
26/8/12,10.61
27/8/12,10.95
28/8/12,10.94
29/8/12,10.92
30/8/12,10.78
31/8/12,10.16
1/9/12,9.97
2/9/12,10.2
3/9/12,10.53
4/9/12,10.38
5/9/12,11
6/9/12,11.18
7/9/12,11
8/9/12,11.04
9/9/12,11.02
10/9/12,11.17
11/9/12,11.33
12/9/12,11.36
13/9/12,11.4
14/9/12,11.67
15/9/12,11.75
16/9/12,11.87
17/9/12,11.89
18/9/12,12.25
19/9/12,12.57
20/9/12,12.28
21/9/12,12.37
22/9/12,12.24
23/9/12,12.19
24/9/12,12.1
25/9/12,12.2
26/9/12,12.27
27/9/12,12.31
28/9/12,12.39
29/9/12,12.36
30/9/12,12.4
1/10/12,12.4
2/10/12,12.84
3/10/12,12.89
4/10/12,12.85
5/10/12,12.69
6/10/12,12.51
7/10/12,11.8
8/10/12,11.78
9/10/12,11.9
10/10/12,12.12
11/10/12,12.03
12/10/12,12
13/10/12,11.86
14/10/12,11.74
15/10/12,11.84
16/10/12,11.85
17/10/12,11.81
18/10/12,11.94
19/10/12,11.74
20/10/12,11.74
21/10/12,11.63
22/10/12,11.71
23/10/12,11.65
24/10/12,11.65
25/10/12,10.86
26/10/12,10.17
27/10/12,10.26
28/10/12,10.7
29/10/12,10.6
30/10/12,10.89
31/10/12,11.2
1/11/12,10.57
2/11/12,10.47
3/11/12,10.64
4/11/12,10.8
5/11/12,10.75
6/11/12,10.9
7/11/12,10.92
8/11/12,10.93
9/11/12,10.82
10/11/12,10.89
11/11/12,10.87
12/11/12,11.01
13/11/12,10.95
14/11/12,10.95
15/11/12,11.2
16/11/12,11.75
17/11/12,11.79
18/11/12,11.65
19/11/12,11.8
20/11/12,11.73
21/11/12,11.77
22/11/12,12.42
23/11/12,12.35
24/11/12,12.41
25/11/12,12.48
26/11/12,12.25
27/11/12,12.2
28/11/12,12.35
29/11/12,12.45
30/11/12,12.57
1/12/12,12.56
2/12/12,12.5
3/12/12,12.68
4/12/12,13.41
5/12/12,13.38
6/12/12,13.3
7/12/12,13.5
8/12/12,13.42
9/12/12,13.39
10/12/12,13.43
11/12/12,13.56
12/12/12,13.7
13/12/12,13.7
14/12/12,13.6
15/12/12,13.49
16/12/12,13.3
17/12/12,13.25
18/12/12,13.3
19/12/12,13.6
20/12/12,13.52
21/12/12,13.5
22/12/12,13.37
23/12/12,13.31
24/12/12,13.38
25/12/12,13.35
26/12/12,13.47
27/12/12,13.42
28/12/12,13.42
29/12/12,13.4
30/12/12,13.45
31/12/12,13.51
1/1/13,13.3
2/1/13,13.28
3/1/13,13.4
4/1/13,13.5
5/1/13,13.44
6/1/13,13.45
7/1/13,13.59
8/1/13,13.74
9/1/13,13.77
10/1/13,14.14
11/1/13,14.14
12/1/13,14.24
13/1/13,14.12
14/1/13,14.3
15/1/13,14.25
16/1/13,14.73
17/1/13,15.5
18/1/13,15.7
19/1/13,15.62
20/1/13,15.7
21/1/13,16.8
22/1/13,17.26
23/1/13,17.5
24/1/13,16.9
25/1/13,17.4
26/1/13,17.88
27/1/13,17.82
28/1/13,18.72
29/1/13,19.53
30/1/13,19.7
31/1/13,20.41
1/2/13,20.5
2/2/13,19.63
3/2/13,20.59
4/2/13,20.43
5/2/13,20.6
6/2/13,21.18
7/2/13,22.15
8/2/13,22.66
9/2/13,23.65
10/2/13,23.97
11/2/13,24.65
12/2/13,25.17
13/2/13,24.2
14/2/13,27.22
15/2/13,27.1
16/2/13,27.22
17/2/13,26.81
18/2/13,26.95
19/2/13,29.42
20/2/13,29.65
21/2/13,29.75
22/2/13,30.25
23/2/13,29.8
24/2/13,29.89
25/2/13,30.4
26/2/13,31.1
27/2/13,30.9
28/2/13,33.38
1/3/13,34.5
2/3/13,34.25
3/3/13,34.5
4/3/13,36.15
5/3/13,40.33
6/3/13,41.02
7/3/13,42
8/3/13,44.18
9/3/13,46.85
10/3/13,46
11/3/13,48.4
12/3/13,44.29
13/3/13,46.92
14/3/13,47.17
15/3/13,46.95
16/3/13,47
17/3/13,47.4
18/3/13,51.6
19/3/13,59.14
20/3/13,64.49
21/3/13,70.85
22/3/13,69.87
23/3/13,64.35
24/3/13,71.5
25/3/13,73.6
26/3/13,78.5
27/3/13,88.92
28/3/13,86.18
29/3/13,90.5
30/3/13,92.19
31/3/13,93.03
1/4/13,104
2/4/13,117.98
3/4/13,135
4/4/13,132.12
5/4/13,142.32
6/4/13,142.63
7/4/13,162.3
8/4/13,187.5
9/4/13,230
10/4/13,165
11/4/13,124.9
12/4/13,117
13/4/13,93
14/4/13,90
15/4/13,82.39
16/4/13,68.36
17/4/13,93.07
18/4/13,109.01
19/4/13,118.48
20/4/13,126.62
21/4/13,119.2
22/4/13,127.4
23/4/13,143.48
24/4/13,154.2
25/4/13,141.71
26/4/13,136.9
27/4/13,128
28/4/13,134.44
29/4/13,144
30/4/13,139.23
1/5/13,116.38
2/5/13,106.25
3/5/13,98.1
4/5/13,112.9
5/5/13,115.98
6/5/13,112.25
7/5/13,109.6
8/5/13,113.2
9/5/13,112.8
10/5/13,117.7
11/5/13,115.64
12/5/13,114.82
13/5/13,117.98
14/5/13,111.4
15/5/13,114.22
16/5/13,118.21
17/5/13,123.5
18/5/13,123.21
19/5/13,122.5
20/5/13,122.02
21/5/13,122.89
22/5/13,123.8
23/5/13,126.3
24/5/13,133.1
25/5/13,131.99
26/5/13,133.5
27/5/13,129.77
28/5/13,129
29/5/13,132.25
30/5/13,128.8
31/5/13,128.82
1/6/13,129.3
2/6/13,122.5
3/6/13,120.74
4/6/13,121.4
5/6/13,121.9
6/6/13,118.97
7/6/13,111
8/6/13,107.89
9/6/13,100.44
10/6/13,106.35
11/6/13,109
12/6/13,108.78
13/6/13,103.95
14/6/13,100
15/6/13,99.8
16/6/13,99.9
17/6/13,101.95
18/6/13,107.35
19/6/13,108.25
20/6/13,111.29
21/6/13,109.5
22/6/13,108.2
23/6/13,107.9
24/6/13,102.09
25/6/13,103.33
26/6/13,104
27/6/13,101.74
28/6/13,94.66
29/6/13,95
30/6/13,97.51
1/7/13,88.05
2/7/13,90.41
3/7/13,78.89
4/7/13,80.04
5/7/13,68.5
6/7/13,69.66
7/7/13,76.5
8/7/13,76
9/7/13,76.7
10/7/13,88
11/7/13,88.98
12/7/13,93.99
13/7/13,98.32
14/7/13,94.42
15/7/13,98.89
16/7/13,97.1
17/7/13,98.5
18/7/13,90.07
19/7/13,92
20/7/13,89.82
21/7/13,92
22/7/13,91.6
23/7/13,95.56
24/7/13,95.09
25/7/13,96.95
26/7/13,96.02
27/7/13,94.4
28/7/13,98.78
29/7/13,101.48
30/7/13,107.96
31/7/13,106.21
1/8/13,104
2/8/13,104.5
3/8/13,104.95
4/8/13,105.12
5/8/13,106.72
6/8/13,106.56
7/8/13,105.99
8/8/13,103.05
9/8/13,102.8
10/8/13,103
11/8/13,105
12/8/13,106.81
13/8/13,109.6
14/8/13,112.56
15/8/13,109.99
16/8/13,108.99
17/8/13,112.75
18/8/13,113.38
19/8/13,118.5
20/8/13,121.2
21/8/13,123.3
22/8/13,122
23/8/13,118.51
24/8/13,119.6
25/8/13,122.11
26/8/13,120.07
27/8/13,131.29
28/8/13,128.76
29/8/13,129.3
30/8/13,138.03
31/8/13,141
1/9/13,146.01
2/9/13,144
3/9/13,144
4/9/13,132.51
5/9/13,130.2
6/9/13,121.9
7/9/13,128.99
8/9/13,126.32
9/9/13,133.1
10/9/13,132.62
11/9/13,142.1
12/9/13,139.35
13/9/13,140.66
14/9/13,136.71
15/9/13,138.3
16/9/13,139.42
17/9/13,139.15
18/9/13,140.41
19/9/13,135.05
20/9/13,133.81
21/9/13,134.38
22/9/13,134
23/9/13,133.4
24/9/13,134.78
25/9/13,135
26/9/13,137.1
27/9/13,138.93
28/9/13,142.5
29/9/13,143.88
30/9/13,141.9
1/10/13,140.3
2/10/13,123
3/10/13,130.99
4/10/13,136.82
5/10/13,136.7
6/10/13,137.8
7/10/13,135.8
8/10/13,136.49
9/10/13,139.5
10/10/13,140.41
11/10/13,140.1
12/10/13,142.89
13/10/13,147.53
14/10/13,151.37
15/10/13,158.09
16/10/13,152.82
17/10/13,157.59
18/10/13,168.28
19/10/13,183.15
20/10/13,186.1
21/10/13,192.78
22/10/13,202.99
23/10/13,227.97
24/10/13,206.98
25/10/13,197.88
26/10/13,188.56
27/10/13,206.91
28/10/13,206.9
29/10/13,216
30/10/13,208
31/10/13,211.17
1/11/13,213.43
2/11/13,211.69
3/11/13,224
4/11/13,238.16
5/11/13,251.3
6/11/13,264.1
7/11/13,309.65
8/11/13,355
9/11/13,367.79
10/11/13,336.32
11/11/13,362.98
12/11/13,380.04
13/11/13,434.85
14/11/13,433.4
15/11/13,433.92
16/11/13,461.96
17/11/13,528.3
18/11/13,785.43
19/11/13,645.69
20/11/13,637.97
21/11/13,764.91
22/11/13,802
23/11/13,832.5
24/11/13,795.01
25/11/13,829.99
26/11/13,969.96
27/11/13,1079.89
28/11/13,1101.38
29/11/13,1206.93
30/11/13,1205.66
1/12/13,1004.39
2/12/13,1096.56
3/12/13,1154.86
4/12/13,1237.55
5/12/13,1106.35
6/12/13,845.02
7/12/13,697.02
8/12/13,803.96
9/12/13,918.95
10/12/13,1033.72
11/12/13,919.93
12/12/13,899.98
13/12/13,936.77
14/12/13,908.94
15/12/13,919.88
16/12/13,759.92
17/12/13,714.97
18/12/13,540.98
19/12/13,731.95
20/12/13,649.96
21/12/13,640.48
22/12/13,639.49
23/12/13,713.24
24/12/13,702.75
25/12/13,707.25
26/12/13,801.98
27/12/13,735.07
28/12/13,727.83
29/12/13,745.05
30/12/13,756.13
31/12/13,754.01
1/1/14,771.4
2/1/14,802.39
3/1/14,818.72
4/1/14,859.51
5/1/14,933.53
6/1/14,953.29
7/1/14,802
8/1/14,842.72
9/1/14,846.86
10/1/14,868.48
11/1/14,913.95
12/1/14,863.22
13/1/14,841.2
14/1/14,833.27
15/1/14,860.9
16/1/14,835.63
17/1/14,814.64
18/1/14,840
19/1/14,870.96
20/1/14,870.2
21/1/14,863.91
22/1/14,845.59
23/1/14,822.04
24/1/14,797.07
25/1/14,853.61
26/1/14,885.28
27/1/14,771.39
28/1/14,812.51
29/1/14,826
30/1/14,819.03
31/1/14,829.92
1/2/14,832.58
2/2/14,825.37
3/2/14,823.83
4/2/14,827.96
5/2/14,811.91
6/2/14,781.55
7/2/14,712.4
8/2/14,673.92
9/2/14,682.9
10/2/14,681.03
11/2/14,672.17
12/2/14,651.72
13/2/14,605.24
14/2/14,661.99
15/2/14,650.92
16/2/14,616.63
17/2/14,626.27
18/2/14,626.6
19/2/14,623.03
20/2/14,556.14
21/2/14,574.16
22/2/14,605.42
23/2/14,605.82
24/2/14,546.32
25/2/14,538.71
26/2/14,582.69
27/2/14,578.77
28/2/14,549.26
1/3/14,565.61
2/3/14,559.79
3/3/14,667.76
4/3/14,666.78
5/3/14,665.51
6/3/14,663.86
7/3/14,629.15
8/3/14,617.45
9/3/14,636.96
10/3/14,627.79
11/3/14,634.11
12/3/14,632.1
13/3/14,638.14
14/3/14,628.8
15/3/14,636.12
16/3/14,631.11
17/3/14,622.37
18/3/14,614.83
19/3/14,609.89
20/3/14,588.77
21/3/14,571.49
22/3/14,565.04
23/3/14,561.27
24/3/14,583.41
25/3/14,583.92
26/3/14,580.83
27/3/14,471.24
28/3/14,495.67
29/3/14,491.17
30/3/14,460.27
31/3/14,457
1/4/14,478.38
2/4/14,437.14
3/4/14,444.72
4/4/14,447.53
5/4/14,461.91
6/4/14,460.5
7/4/14,449.42
8/4/14,453.09
9/4/14,442.73
10/4/14,365.18
11/4/14,420.95
12/4/14,421.12
13/4/14,414.06
14/4/14,458.79
15/4/14,515.59
16/4/14,527.4
17/4/14,495.96
18/4/14,479.64
19/4/14,501.57
20/4/14,498.17
21/4/14,495.77
22/4/14,487.92
23/4/14,491.3
24/4/14,500.46
25/4/14,461.45
26/4/14,458.6
27/4/14,436.39
28/4/14,440.29
29/4/14,447.21
30/4/14,447.64
1/5/14,457.76
2/5/14,449.38
3/5/14,437.76
4/5/14,436.4
5/5/14,433.48
6/5/14,428.96
7/5/14,438.82
8/5/14,440.17
9/5/14,449.46
10/5/14,454.43
11/5/14,438.89
12/5/14,441.46
13/5/14,440.67
14/5/14,443.97
15/5/14,447.25
16/5/14,448.06
17/5/14,448.9
18/5/14,446.26
19/5/14,446.18
20/5/14,485.72
21/5/14,491.77
22/5/14,524.58
23/5/14,520.22
24/5/14,525.14
25/5/14,571.59
26/5/14,583.42
27/5/14,571.24
28/5/14,577.06
29/5/14,568.18
30/5/14,615.33
31/5/14,623.68
1/6/14,630.23
2/6/14,660.62
3/6/14,667.6
4/6/14,641.61
5/6/14,659.26
6/6/14,653.7
7/6/14,654.97
8/6/14,656.14
9/6/14,649.16
10/6/14,653.15
11/6/14,633.02
12/6/14,586.95
13/6/14,600.16
14/6/14,577.36
15/6/14,592.94
16/6/14,592.19
17/6/14,610.86
18/6/14,607.96
19/6/14,598.07
20/6/14,594.15
21/6/14,594.99
22/6/14,602.27
23/6/14,593.98
24/6/14,582.36
25/6/14,566.34
26/6/14,581.14
27/6/14,597.26
28/6/14,596.55
29/6/14,602.72
30/6/14,639.8
1/7/14,640.81
2/7/14,650.88
3/7/14,645.16
4/7/14,630.69
5/7/14,631.46
6/7/14,635.81
7/7/14,624.09
8/7/14,624.82
9/7/14,624.51
10/7/14,616.76
11/7/14,632
12/7/14,633.71
13/7/14,626.5
14/7/14,619.32
15/7/14,621.59
16/7/14,616.8
17/7/14,623.09
18/7/14,628.78
19/7/14,628.52
20/7/14,623.9
21/7/14,622.21
22/7/14,621.55
23/7/14,619.41
24/7/14,601.73
25/7/14,601.09
26/7/14,595.81
27/7/14,593.85
28/7/14,585.69
29/7/14,584.72
30/7/14,567.29
31/7/14,586.23
1/8/14,594.92
2/8/14,589.33
3/8/14,586.67
4/8/14,588.78
5/8/14,585.44
6/8/14,584.65
7/8/14,588.87
8/8/14,592.58
9/8/14,589.37
10/8/14,591.06
11/8/14,576.37
12/8/14,569.64
13/8/14,546.66
14/8/14,505.97
15/8/14,497.01
16/8/14,519.71
17/8/14,491.8
18/8/14,461.46
19/8/14,485.24
20/8/14,511.98
21/8/14,517.24
22/8/14,514.04
23/8/14,498.08
24/8/14,508.29
25/8/14,502.5
26/8/14,511.57
27/8/14,511.15
28/8/14,507.82
29/8/14,508.52
30/8/14,504.25
31/8/14,477.76
1/9/14,474.88
2/9/14,477.43
3/9/14,477.59
4/9/14,489.66
5/9/14,483.34
6/9/14,484.83
7/9/14,482.28
8/9/14,474.6
9/9/14,475.26
10/9/14,479.36
11/9/14,479.75
12/9/14,477.75
13/9/14,479
14/9/14,477.89
15/9/14,475.37
16/9/14,466.06
17/9/14,457.33
18/9/14,424.44
19/9/14,394.8
20/9/14,408.9
21/9/14,398.82
22/9/14,402.15
23/9/14,435.79
24/9/14,423.2
25/9/14,411.57
26/9/14,404.42
27/9/14,399.52
28/9/14,377.18
29/9/14,375.47
30/9/14,386.94
1/10/14,383.61
2/10/14,375.07
3/10/14,359.51
4/10/14,328.87
5/10/14,320.51
6/10/14,330.08
7/10/14,336.19
8/10/14,352.94
9/10/14,365.03
10/10/14,361.56
11/10/14,362.3
12/10/14,378.55
13/10/14,390.41
14/10/14,400.87
15/10/14,394.77
16/10/14,382.56
17/10/14,383.76
18/10/14,391.44
19/10/14,389.55
20/10/14,382.85
21/10/14,386.48
22/10/14,383.16
23/10/14,358.42
24/10/14,358.35
25/10/14,347.27
26/10/14,354.7
27/10/14,352.99
28/10/14,357.62
29/10/14,335.59
30/10/14,345.3
31/10/14,338.32
1/11/14,325.75
2/11/14,325.89
3/11/14,327.55
4/11/14,330.49
5/11/14,339.49
6/11/14,349.29
7/11/14,342.42
8/11/14,345.49
9/11/14,363.26
10/11/14,366.92
11/11/14,367.7
12/11/14,423.56
13/11/14,420.73
14/11/14,397.82
15/11/14,376.13
16/11/14,387.88
17/11/14,387.41
18/11/14,375.2
19/11/14,380.55
20/11/14,357.84
21/11/14,350.85
22/11/14,352.92
23/11/14,367.57
24/11/14,376.9
25/11/14,375.35
26/11/14,368.37
27/11/14,369.67
28/11/14,376.45
29/11/14,375.49
30/11/14,378.05
1/12/14,379.24
2/12/14,381.32
3/12/14,375.01
4/12/14,369.6
5/12/14,376.85
6/12/14,374.79
7/12/14,375.1
8/12/14,361.91
9/12/14,352.22
10/12/14,346.36
11/12/14,350.51
12/12/14,352.54
13/12/14,347.38
14/12/14,351.63
15/12/14,345.35
16/12/14,327.06
17/12/14,319.78
18/12/14,311.4
19/12/14,317.84
20/12/14,329.96
21/12/14,320.84
22/12/14,331.89
23/12/14,334.57
24/12/14,322.53
25/12/14,319.01
26/12/14,327.92
27/12/14,315.86
28/12/14,317.24
29/12/14,312.67
30/12/14,310.74
31/12/14,320.19
1/1/15,314.25
2/1/15,315.03
3/1/15,281.08
4/1/15,264.2
5/1/15,274.47
6/1/15,286.19
7/1/15,294.34
8/1/15,283.35
9/1/15,290.41
10/1/15,274.8
11/1/15,265.66
12/1/15,267.8
13/1/15,225.86
14/1/15,178.1
15/1/15,209.84
16/1/15,208.1
17/1/15,199.26
18/1/15,210.34
19/1/15,214.86
20/1/15,211.32
21/1/15,226.9
22/1/15,233.41
23/1/15,232.88
24/1/15,247.85
25/1/15,253.72
26/1/15,273.47
27/1/15,263.48
28/1/15,233.91
29/1/15,233.51
30/1/15,226.43
31/1/15,217.46
1/2/15,226.97
2/2/15,238.23
3/2/15,227.27
4/2/15,226.85
5/2/15,217.11
6/2/15,222.27
7/2/15,227.75
8/2/15,223.41
9/2/15,220.11
10/2/15,219.84
11/2/15,219.18
12/2/15,221.76
13/2/15,235.43
14/2/15,257.32
15/2/15,234.82
16/2/15,233.84
17/2/15,243.61
18/2/15,236.33
19/2/15,240.28
20/2/15,243.78
21/2/15,244.53
22/2/15,235.98
23/2/15,238.89
24/2/15,238.74
25/2/15,237.47
26/2/15,236.43
27/2/15,253.83
28/2/15,254.26
1/3/15,260.2
2/3/15,275.67
3/3/15,281.7
4/3/15,273.09
5/3/15,276.18
6/3/15,272.72
7/3/15,276.26
8/3/15,274.35
9/3/15,289.61
10/3/15,291.76
11/3/15,296.38
12/3/15,294.35
13/3/15,285.34
14/3/15,281.89
15/3/15,286.39
16/3/15,290.59
17/3/15,285.51
18/3/15,256.3
19/3/15,260.93
20/3/15,261.75
21/3/15,260.02
22/3/15,267.96
23/3/15,266.74
24/3/15,245.6
25/3/15,246.2
26/3/15,248.53
27/3/15,247.03
28/3/15,252.8
29/3/15,242.71
30/3/15,247.53
31/3/15,244.22
1/4/15,247.27
2/4/15,253.01
3/4/15,254.32
4/4/15,253.7
5/4/15,260.6
6/4/15,255.49
7/4/15,253.18
8/4/15,245.02
9/4/15,243.68
10/4/15,236.07
11/4/15,236.55
12/4/15,236.15
13/4/15,224.59
14/4/15,219.16
15/4/15,223.83
16/4/15,228.57
17/4/15,222.88
18/4/15,223.36
19/4/15,222.6
20/4/15,224.63
21/4/15,235.27
22/4/15,234.18
23/4/15,236.46
24/4/15,231.27
25/4/15,226.39
26/4/15,219.43
27/4/15,229.29
28/4/15,225.85
29/4/15,225.81
30/4/15,236.15
1/5/15,232.08
2/5/15,234.93
3/5/15,240.36
4/5/15,239.02
5/5/15,236.12
6/5/15,229.78
7/5/15,237.33
8/5/15,243.86
9/5/15,241.83
10/5/15,240.3
11/5/15,242.16
12/5/15,241.11
13/5/15,236.38
14/5/15,236.93
15/5/15,237.6
16/5/15,236.15
17/5/15,236.8
18/5/15,233.13
19/5/15,231.95
20/5/15,234.02
21/5/15,235.34
22/5/15,240.35
23/5/15,238.87
24/5/15,240.95
25/5/15,237.11
26/5/15,237.12
27/5/15,237.28
28/5/15,237.41
29/5/15,237.1
30/5/15,233.35
31/5/15,230.19
1/6/15,222.93
2/6/15,225.8
3/6/15,225.87
4/6/15,224.32
5/6/15,224.95
6/6/15,225.62
7/6/15,222.88
8/6/15,228.49
9/6/15,229.05
10/6/15,228.8
11/6/15,229.71
12/6/15,229.98
13/6/15,232.4
14/6/15,233.54
15/6/15,236.82
16/6/15,250.9
17/6/15,249.28
18/6/15,249.01
19/6/15,244.61
20/6/15,245.21
21/6/15,243.94
22/6/15,246.99
23/6/15,244.3
24/6/15,240.51
25/6/15,242.8
26/6/15,243.59
27/6/15,250.99
28/6/15,249.01
29/6/15,257.06
30/6/15,263.07
1/7/15,258.62
2/7/15,255.41
3/7/15,256.34
4/7/15,260.89
5/7/15,271.91
6/7/15,269.03
7/7/15,266.21
8/7/15,270.79
9/7/15,269.23
10/7/15,284.89
11/7/15,293.11
12/7/15,310.87
13/7/15,292.05
14/7/15,287.46
15/7/15,285.83
16/7/15,278.09
17/7/15,279.47
18/7/15,274.9
19/7/15,273.61
20/7/15,278.98
21/7/15,275.83
22/7/15,277.22
23/7/15,276.05
24/7/15,288.28
25/7/15,288.7
26/7/15,292.69
27/7/15,293.62
28/7/15,294.43
29/7/15,289.59
30/7/15,287.72
31/7/15,284.65
1/8/15,281.6
2/8/15,282.61
3/8/15,281.23
4/8/15,285.22
5/8/15,281.88
6/8/15,278.58
7/8/15,279.58
8/8/15,261
9/8/15,265.08
10/8/15,264.47
11/8/15,270.39
12/8/15,266.38
13/8/15,264.08
14/8/15,265.68
15/8/15,261.55
16/8/15,258.51
17/8/15,257.98
18/8/15,211.08
19/8/15,226.68
20/8/15,235.35
21/8/15,232.57
22/8/15,230.39
23/8/15,228.17
24/8/15,210.49
25/8/15,221.61
26/8/15,225.83
27/8/15,224.77
28/8/15,231.4
29/8/15,229.78
30/8/15,228.76
31/8/15,230.06
1/9/15,228.12
2/9/15,229.28
3/9/15,227.18
4/9/15,230.3
5/9/15,235.02
6/9/15,239.84
7/9/15,239.85
8/9/15,243.61
9/9/15,238.17
10/9/15,238.48
11/9/15,240.11
12/9/15,235.23
13/9/15,230.51
14/9/15,230.64
15/9/15,230.3
16/9/15,229.09
17/9/15,229.81
18/9/15,232.98
19/9/15,231.49
20/9/15,231.21
21/9/15,227.09
22/9/15,230.62
23/9/15,230.28
24/9/15,234.53
25/9/15,235.14
26/9/15,234.34
27/9/15,232.76
28/9/15,239.14
29/9/15,236.69
30/9/15,236.06
1/10/15,237.55
2/10/15,237.29
3/10/15,238.73
4/10/15,238.26
5/10/15,240.38
6/10/15,246.06
7/10/15,242.97
8/10/15,242.3
9/10/15,243.93
10/10/15,244.94
11/10/15,247.05
12/10/15,245.31
13/10/15,249.51
14/10/15,251.99
15/10/15,254.32
16/10/15,262.87
17/10/15,270.64
18/10/15,261.64
19/10/15,263.44
20/10/15,269.46
21/10/15,266.27
22/10/15,274.02
23/10/15,276.5
24/10/15,281.65
25/10/15,283.68
26/10/15,285.3
27/10/15,293.79
28/10/15,304.62
29/10/15,313.86
30/10/15,328.02
31/10/15,314.17
1/11/15,325.43
2/11/15,361.19
3/11/15,403.42
4/11/15,411.56
5/11/15,386.35
6/11/15,374.47
7/11/15,386.48
8/11/15,373.37
9/11/15,380.26
10/11/15,336.82
11/11/15,311.08
12/11/15,338.15
13/11/15,336.75
14/11/15,332.91
15/11/15,320.17
16/11/15,330.75
17/11/15,335.09
18/11/15,334.59
19/11/15,326.15
20/11/15,322.02
21/11/15,326.93
22/11/15,324.54
23/11/15,323.05
24/11/15,320.05
25/11/15,328.21
26/11/15,352.68
27/11/15,358.04
28/11/15,357.38
29/11/15,371.29
30/11/15,377.32
1/12/15,362.49
2/12/15,359.19
3/12/15,361.05
4/12/15,363.18
5/12/15,388.95
6/12/15,388.78
7/12/15,395.54
8/12/15,415.56
9/12/15,417.56
10/12/15,415.48
11/12/15,451.94
12/12/15,435
13/12/15,433.76
14/12/15,444.18
15/12/15,465.32
16/12/15,454.93
17/12/15,456.08
18/12/15,463.62
19/12/15,462.32
20/12/15,442.68
21/12/15,438.64
22/12/15,436.57
23/12/15,442.4
24/12/15,454.98
25/12/15,455.65
26/12/15,417.27
27/12/15,422.82
28/12/15,422.28
29/12/15,432.98
30/12/15,426.62
31/12/15,430.57
1/1/16,434.33
2/1/16,433.44
3/1/16,430.01
4/1/16,433.09
5/1/16,431.96
6/1/16,429.11
7/1/16,458.05
8/1/16,453.23
9/1/16,447.61
10/1/16,447.99
11/1/16,448.43
12/1/16,435.69
13/1/16,432.37
14/1/16,430.31
15/1/16,364.33
16/1/16,387.54
17/1/16,382.3
18/1/16,387.17
19/1/16,380.15
20/1/16,420.23
21/1/16,410.26
22/1/16,382.49
23/1/16,387.49
24/1/16,402.97
25/1/16,391.73
26/1/16,392.15
27/1/16,394.97
28/1/16,380.29
29/1/16,379.47
30/1/16,378.26
31/1/16,368.77
1/2/16,373.06
2/2/16,374.45
3/2/16,369.95
4/2/16,389.59
5/2/16,386.55
6/2/16,376.52
7/2/16,376.62
8/2/16,373.45
9/2/16,376.03
10/2/16,381.65
11/2/16,379.65
12/2/16,384.26
13/2/16,391.86
14/2/16,407.23
15/2/16,400.18
16/2/16,407.49
17/2/16,416.32
18/2/16,422.37
19/2/16,420.79
20/2/16,437.16
21/2/16,438.8
22/2/16,437.75
23/2/16,420.74
24/2/16,424.95
25/2/16,424.54
26/2/16,432.15
27/2/16,432.52
28/2/16,433.5
29/2/16,437.7
1/3/16,435.12
2/3/16,423.99
3/3/16,421.65
4/3/16,410.94
5/3/16,400.57
6/3/16,407.71
7/3/16,414.32
8/3/16,413.97
9/3/16,414.86
10/3/16,417.13
11/3/16,421.69
12/3/16,411.62
13/3/16,414.07
14/3/16,416.44
15/3/16,416.83
16/3/16,417.01
17/3/16,420.62
18/3/16,409.55
19/3/16,410.44
20/3/16,413.76
21/3/16,413.31
22/3/16,418.09
23/3/16,418.04
24/3/16,416.39
25/3/16,417.18
26/3/16,417.95
27/3/16,426.77
28/3/16,424.23
29/3/16,416.52
30/3/16,414.82
31/3/16,416.73
1/4/16,417.96
2/4/16,420.87
3/4/16,420.9
4/4/16,421.44
5/4/16,424.03
6/4/16,423.41
7/4/16,422.74
8/4/16,420.35
9/4/16,419.41
10/4/16,421.56
11/4/16,422.48
12/4/16,425.19
13/4/16,423.73
14/4/16,424.28
15/4/16,429.71
16/4/16,430.57
17/4/16,427.4
18/4/16,428.59
19/4/16,435.51
20/4/16,441.39
21/4/16,449.42
22/4/16,445.74
23/4/16,450.28
24/4/16,458.55
25/4/16,461.43
26/4/16,466.09
27/4/16,444.69
28/4/16,449.01
29/4/16,455.1
30/4/16,448.32
1/5/16,451.88
2/5/16,444.67
3/5/16,450.3
4/5/16,446.72
5/5/16,447.98
6/5/16,459.6
7/5/16,458.54
8/5/16,458.55
9/5/16,460.48
10/5/16,450.89
11/5/16,452.73
12/5/16,454.77
13/5/16,455.67
14/5/16,455.67
15/5/16,457.57
16/5/16,454.16
17/5/16,453.78
18/5/16,454.62
19/5/16,438.71
20/5/16,442.68
21/5/16,443.19
22/5/16,439.32
23/5/16,444.15
24/5/16,445.98
25/5/16,449.6
26/5/16,453.38
27/5/16,473.46
28/5/16,530.04
29/5/16,526.23
30/5/16,533.86
31/5/16,531.39
1/6/16,536.92
2/6/16,537.97
3/6/16,569.19
4/6/16,572.73
5/6/16,574.98
6/6/16,585.54
7/6/16,576.6
8/6/16,581.65
9/6/16,574.63
10/6/16,577.47
11/6/16,606.73
12/6/16,672.78
13/6/16,704.38
14/6/16,685.56
15/6/16,694.47
16/6/16,766.31
17/6/16,748.91
18/6/16,756.23
19/6/16,763.78
20/6/16,737.23
21/6/16,666.65
22/6/16,596.12
23/6/16,623.98
24/6/16,665.3
25/6/16,665.12
26/6/16,629.37
27/6/16,655.28
28/6/16,647
29/6/16,639.89
30/6/16,673.34
1/7/16,676.3
2/7/16,703.7
3/7/16,658.66
4/7/16,683.66
5/7/16,670.63
6/7/16,677.33
7/7/16,640.56
8/7/16,666.52
9/7/16,650.96
10/7/16,649.36
11/7/16,647.66
12/7/16,664.55
13/7/16,654.47
14/7/16,658.08
15/7/16,663.26
16/7/16,660.77
17/7/16,679.46
18/7/16,673.11
19/7/16,672.86
20/7/16,665.68
21/7/16,665.01
22/7/16,650.62
23/7/16,655.56
24/7/16,661.28
25/7/16,654.1
26/7/16,651.78
27/7/16,654.35
28/7/16,655.03
29/7/16,656.99
30/7/16,655.05
31/7/16,624.68
1/8/16,606.27
2/8/16,547.47
3/8/16,566.35
4/8/16,578.29
5/8/16,575.04
6/8/16,587.78
7/8/16,592.69
8/8/16,591.05
9/8/16,587.8
10/8/16,592.1
11/8/16,589.12
12/8/16,587.56
13/8/16,585.59
14/8/16,570.47
15/8/16,567.24
16/8/16,577.44
17/8/16,573.22
18/8/16,574.32
19/8/16,575.63
20/8/16,581.7
21/8/16,581.31
22/8/16,586.75
23/8/16,583.41
24/8/16,580.18
25/8/16,577.76
26/8/16,579.65
27/8/16,569.95
28/8/16,573.91
29/8/16,574.11
30/8/16,577.5
31/8/16,575.47
1/9/16,572.3
2/9/16,575.54
3/9/16,598.21
4/9/16,608.63
5/9/16,606.59
6/9/16,610.44
7/9/16,614.54
8/9/16,626.32
9/9/16,622.86
10/9/16,623.51
11/9/16,606.72
12/9/16,608.24
13/9/16,609.24
14/9/16,610.68
15/9/16,607.16
16/9/16,606.97
17/9/16,605.98
18/9/16,609.87
19/9/16,609.23
20/9/16,608.31
21/9/16,597.15
22/9/16,596.3
23/9/16,602.84
24/9/16,602.63
25/9/16,600.83
26/9/16,608.04
27/9/16,606.17
28/9/16,604.73
29/9/16,605.69
30/9/16,609.73
1/10/16,613.98
2/10/16,610.89
3/10/16,612.13
4/10/16,610.2
5/10/16,612.51
6/10/16,613.02
7/10/16,617.12
8/10/16,619.11
9/10/16,616.75
10/10/16,618.99
11/10/16,641.07
12/10/16,636.19
13/10/16,636.79
14/10/16,640.38
15/10/16,638.65
16/10/16,641.63
17/10/16,639.19
18/10/16,637.96
19/10/16,630.52
20/10/16,630.86
21/10/16,632.83
22/10/16,657.29
23/10/16,657.07
24/10/16,653.76
25/10/16,657.59
26/10/16,678.3
27/10/16,688.31
28/10/16,689.65
29/10/16,714.48
30/10/16,701.86
31/10/16,700.97
1/11/16,729.79
2/11/16,740.83
3/11/16,688.7
4/11/16,703.23
5/11/16,703.42
6/11/16,711.52
7/11/16,703.13
8/11/16,709.85
9/11/16,723.27
10/11/16,715.53
11/11/16,716.41
12/11/16,705.05
13/11/16,702.03
14/11/16,705.02
15/11/16,711.62
16/11/16,744.2
17/11/16,740.98
18/11/16,751.59
19/11/16,751.62
20/11/16,731.03
21/11/16,739.25
22/11/16,751.35
23/11/16,744.59
24/11/16,740.29
25/11/16,741.65
26/11/16,735.38
27/11/16,732.03
28/11/16,735.81
29/11/16,735.6
30/11/16,745.69
1/12/16,756.77
2/12/16,777.94
3/12/16,771.16
4/12/16,773.87
5/12/16,758.7
6/12/16,764.22
7/12/16,768.13
8/12/16,770.81
9/12/16,772.79
10/12/16,774.65
11/12/16,769.73
12/12/16,780.09
13/12/16,780.56
14/12/16,781.48
15/12/16,778.09
16/12/16,784.91
17/12/16,790.83
18/12/16,790.53
19/12/16,792.71
20/12/16,800.88
21/12/16,834.28
22/12/16,864.54
23/12/16,921.98
24/12/16,898.82
25/12/16,896.18
26/12/16,907.61
27/12/16,933.2
28/12/16,975.92
29/12/16,973.5
30/12/16,961.24
31/12/16,963.74
1/1/17,998.33
2/1/17,1021.75
3/1/17,1043.84
4/1/17,1154.73
5/1/17,1013.38
6/1/17,902.2
7/1/17,908.59
8/1/17,911.2
9/1/17,902.83
10/1/17,907.68
11/1/17,777.76
12/1/17,804.83
13/1/17,823.98
14/1/17,818.41
15/1/17,821.8
16/1/17,831.53
17/1/17,907.94
18/1/17,886.62
19/1/17,899.07
20/1/17,895.03
21/1/17,921.79
22/1/17,924.67
23/1/17,921.01
24/1/17,892.69
25/1/17,901.54
26/1/17,917.59
27/1/17,919.75
28/1/17,921.59
29/1/17,919.5
30/1/17,920.38
31/1/17,970.4
1/2/17,989.02
2/2/17,1011.8
3/2/17,1029.91
4/2/17,1042.9
5/2/17,1027.34
6/2/17,1038.15
7/2/17,1061.35
8/2/17,1063.07
9/2/17,994.38
10/2/17,988.67
11/2/17,1004.45
12/2/17,999.18
13/2/17,990.64
14/2/17,1004.55
15/2/17,1007.48
16/2/17,1027.44
17/2/17,1046.21
18/2/17,1054.42
19/2/17,1047.87
20/2/17,1079.98
21/2/17,1115.3
22/2/17,1117.44
23/2/17,1166.72
24/2/17,1173.68
25/2/17,1143.84
26/2/17,1165.2
27/2/17,1179.97
28/2/17,1179.97
1/3/17,1222.5
2/3/17,1251.01
3/3/17,1274.99
4/3/17,1255.15
5/3/17,1267.12
6/3/17,1272.83
7/3/17,1223.54
8/3/17,1150
9/3/17,1188.49
10/3/17,1116.72
11/3/17,1175.83
12/3/17,1221.38
13/3/17,1231.92
14/3/17,1240
15/3/17,1249.61
16/3/17,1187.81
17/3/17,1100.23
18/3/17,973.82
19/3/17,1036.74
20/3/17,1054.23
21/3/17,1120.54
22/3/17,1049.14
23/3/17,1038.59
24/3/17,937.52
25/3/17,972.78
26/3/17,966.72
27/3/17,1045.77
28/3/17,1047.15
29/3/17,1039.97
30/3/17,1026.43
31/3/17,1071.79
1/4/17,1080.5
2/4/17,1102.17
3/4/17,1143.81
4/4/17,1133.25
5/4/17,1124.78
6/4/17,1182.68
7/4/17,1176.9
8/4/17,1175.95
9/4/17,1187.87
10/4/17,1187.13
11/4/17,1205.01
12/4/17,1200.37
13/4/17,1169.28
14/4/17,1167.54
15/4/17,1172.52
16/4/17,1182.94
17/4/17,1193.91
18/4/17,1211.67
19/4/17,1210.29
20/4/17,1229.08
21/4/17,1222.05
22/4/17,1231.71
23/4/17,1207.21
24/4/17,1250.15
25/4/17,1265.49
26/4/17,1281.08
27/4/17,1317.73
28/4/17,1316.48
29/4/17,1321.79
30/4/17,1347.89
1/5/17,1421.6
2/5/17,1452.82
3/5/17,1490.09
4/5/17,1537.67
5/5/17,1555.45
6/5/17,1578.8
7/5/17,1596.71
8/5/17,1723.35
9/5/17,1755.36
10/5/17,1787.13
11/5/17,1848.57
12/5/17,1724.24
13/5/17,1804.91
14/5/17,1808.91
15/5/17,1738.43
16/5/17,1734.45
17/5/17,1839.09
18/5/17,1888.65
19/5/17,1987.71
20/5/17,2084.73
21/5/17,2041.2
22/5/17,2173.4
23/5/17,2320.42
24/5/17,2443.64
25/5/17,2304.98
26/5/17,2202.42
27/5/17,2038.87
28/5/17,2155.8
29/5/17,2255.61
30/5/17,2175.47
31/5/17,2286.41
1/6/17,2407.88
2/6/17,2488.55
3/6/17,2515.35
4/6/17,2511.81
5/6/17,2686.81
6/6/17,2863.2
7/6/17,2732.16
8/6/17,2805.62
9/6/17,2823.81
10/6/17,2947.71
11/6/17,2958.11
12/6/17,2659.63
13/6/17,2717.02
14/6/17,2506.37
15/6/17,2464.58
16/6/17,2518.56
17/6/17,2655.88
18/6/17,2548.29
19/6/17,2589.6
20/6/17,2721.79
21/6/17,2689.1
22/6/17,2705.41
23/6/17,2744.91
24/6/17,2608.72
25/6/17,2589.41
26/6/17,2478.45
27/6/17,2552.45
28/6/17,2574.79
29/6/17,2539.32
30/6/17,2480.84
1/7/17,2434.55
2/7/17,2506.47
3/7/17,2564.06
4/7/17,2601.64
5/7/17,2601.99
6/7/17,2608.56
7/7/17,2518.66
8/7/17,2571.34
9/7/17,2518.44
10/7/17,2372.56
11/7/17,2337.79
12/7/17,2398.84
13/7/17,2357.9
14/7/17,2233.34
15/7/17,1998.86
16/7/17,1929.82
17/7/17,2228.41
18/7/17,2318.88
19/7/17,2273.43
20/7/17,2817.6
21/7/17,2667.76
22/7/17,2810.12
23/7/17,2730.4
24/7/17,2754.86
25/7/17,2576.48
26/7/17,2529.45
27/7/17,2671.78
28/7/17,2809.01
29/7/17,2726.45
30/7/17,2757.18
31/7/17,2875.34
1/8/17,2718.26
2/8/17,2710.67
3/8/17,2804.73
4/8/17,2895.89
5/8/17,3252.91
6/8/17,3213.94
7/8/17,3378.94
8/8/17,3419.94
9/8/17,3342.47
10/8/17,3381.28
11/8/17,3650.62
12/8/17,3884.71
13/8/17,4073.26
14/8/17,4325.13
15/8/17,4181.93
16/8/17,4376.63
17/8/17,4331.69
18/8/17,4160.62
19/8/17,4193.7
20/8/17,4087.66
21/8/17,4001.74
22/8/17,4100.52
23/8/17,4151.52
24/8/17,4334.68
25/8/17,4371.6
26/8/17,4352.4
27/8/17,4382.88
28/8/17,4382.66
29/8/17,4579.02
30/8/17,4565.3
31/8/17,4703.39
1/9/17,4892.01
2/9/17,4578.77
3/9/17,4582.96
4/9/17,4236.31
5/9/17,4376.53
6/9/17,4597.12
7/9/17,4599.88
8/9/17,4228.75
9/9/17,4226.06
10/9/17,4122.94
11/9/17,4161.27
12/9/17,4130.81
13/9/17,3882.59
14/9/17,3154.95
15/9/17,3637.52
16/9/17,3625.04
17/9/17,3582.88
18/9/17,4065.2
19/9/17,3924.97
20/9/17,3905.95
21/9/17,3631.04
22/9/17,3630.7
23/9/17,3792.4
24/9/17,3682.84
25/9/17,3926.07
26/9/17,3892.35
27/9/17,4200.67
28/9/17,4174.73
29/9/17,4163.07
30/9/17,4338.71
1/10/17,4403.74
2/10/17,4409.32
3/10/17,4317.48
4/10/17,4229.36
5/10/17,4328.41
6/10/17,4370.81
7/10/17,4426.89
8/10/17,4610.48
9/10/17,4772.02
10/10/17,4781.99
11/10/17,4826.48
12/10/17,5446.91
13/10/17,5647.21
14/10/17,5831.79
15/10/17,5678.19
16/10/17,5725.59
17/10/17,5605.51
18/10/17,5590.69
19/10/17,5708.52
20/10/17,6011.45
21/10/17,6031.6
22/10/17,6008.42
23/10/17,5930.32
24/10/17,5526.64
25/10/17,5750.8
26/10/17,5904.83
27/10/17,5780.9
28/10/17,5753.09
29/10/17,6153.85
30/10/17,6130.53
31/10/17,6468.4
1/11/17,6767.31
2/11/17,7078.5
3/11/17,7207.76
4/11/17,7379.95
5/11/17,7407.41
6/11/17,7022.76
7/11/17,7144.38
8/11/17,7459.69
9/11/17,7143.58
10/11/17,6618.14
11/11/17,6357.6
12/11/17,5950.07
13/11/17,6559.49
14/11/17,6635.75
15/11/17,7315.54
16/11/17,7871.69
17/11/17,7708.99
18/11/17,7790.15
19/11/17,8036.49
20/11/17,8200.64
21/11/17,8071.26
22/11/17,8253.55
23/11/17,8038.77
24/11/17,8253.69
25/11/17,8790.92
26/11/17,9330.55
27/11/17,9818.35
28/11/17,10058.8
29/11/17,9888.61
30/11/17,10233.6
1/12/17,10975.6
2/12/17,11074.6
3/12/17,11323.2
4/12/17,11657.2
5/12/17,11916.7
6/12/17,14291.5
7/12/17,17899.7
8/12/17,16569.4
9/12/17,15178.2
10/12/17,15455.4
11/12/17,16936.8
12/12/17,17415.4
13/12/17,16408.2
14/12/17,16564
15/12/17,17706.9
16/12/17,19497.4
17/12/17,19140.8
18/12/17,19114.2
19/12/17,17776.7
20/12/17,16624.6
21/12/17,15802.9
22/12/17,13831.8
23/12/17,14699.2
24/12/17,13925.8
25/12/17,14026.6
26/12/17,16099.8
27/12/17,15838.5
28/12/17,14606.5
29/12/17,14656.2
30/12/17,12952.2
31/12/17,14156.4
1/1/18,13657.2
2/1/18,14982.1
3/1/18,15201
4/1/18,15599.2
5/1/18,17429.5
6/1/18,17527
7/1/18,16477.6
8/1/18,15170.1
9/1/18,14595.4
10/1/18,14973.3
11/1/18,13405.8
12/1/18,13980.6
13/1/18,14360.2
14/1/18,13772
15/1/18,13819.8
16/1/18,11490.5
17/1/18,11188.6
18/1/18,11474.9
19/1/18,11607.4
20/1/18,12899.2
21/1/18,11600.1
22/1/18,10931.4
23/1/18,10868.4
24/1/18,11359.4
25/1/18,11259.4
26/1/18,11171.4
27/1/18,11440.7
28/1/18,11786.3
29/1/18,11296.4
30/1/18,10106.3
31/1/18,10221.1
1/2/18,9170.54
2/2/18,8830.75
3/2/18,9174.91
4/2/18,8277.01
5/2/18,6955.27
6/2/18,7754
7/2/18,7621.3
8/2/18,8265.59
9/2/18,8736.98
10/2/18,8621.9
11/2/18,8129.97
12/2/18,8926.57
13/2/18,8598.31
14/2/18,9494.63
15/2/18,10166.4
16/2/18,10233.9
17/2/18,11112.7
18/2/18,10551.8
19/2/18,11225.3
20/2/18,11403.7
21/2/18,10690.4
22/2/18,10005
23/2/18,10301.1
24/2/18,9813.07
25/2/18,9664.73
26/2/18,10366.7
27/2/18,10725.6
28/2/18,10397.9
1/3/18,10951
2/3/18,11086.4
3/3/18,11489.7
4/3/18,11512.6
5/3/18,11573.3
6/3/18,10779.9
7/3/18,9965.57
8/3/18,9395.01
9/3/18,9337.55
10/3/18,8866
11/3/18,9578.63
12/3/18,9205.12
13/3/18,9194.85
14/3/18,8269.81
15/3/18,8300.86
16/3/18,8338.35
17/3/18,7916.88
18/3/18,8223.68
19/3/18,8630.65
20/3/18,8913.47
21/3/18,8929.28
22/3/18,8728.47
23/3/18,8879.62
24/3/18,8668.12
25/3/18,8495.78
26/3/18,8209.4
27/3/18,7833.04
28/3/18,7954.48
29/3/18,7165.7
30/3/18,6890.52
31/3/18,6973.53
1/4/18,6844.23
2/4/18,7083.8
3/4/18,7456.11
4/4/18,6853.84
5/4/18,6811.47
6/4/18,6636.32
7/4/18,6911.09
8/4/18,7023.52
9/4/18,6770.73
10/4/18,6834.76
11/4/18,6968.32
12/4/18,7889.25
13/4/18,7895.96
14/4/18,7986.24
15/4/18,8329.11
16/4/18,8058.67
17/4/18,7902.09
18/4/18,8163.42
19/4/18,8294.31
20/4/18,8845.83
21/4/18,8895.58
22/4/18,8802.46
23/4/18,8930.88
24/4/18,9697.5
25/4/18,8845.74
26/4/18,9281.51
27/4/18,8987.05
28/4/18,9348.48
29/4/18,9419.08
30/4/18,9240.55
1/5/18,9119.01
2/5/18,9235.92
3/5/18,9743.86
4/5/18,9700.76
5/5/18,9858.15
6/5/18,9654.8
7/5/18,9373.01
8/5/18,9234.82
9/5/18,9325.18
10/5/18,9043.94
11/5/18,8441.49
12/5/18,8504.89
13/5/18,8723.94
14/5/18,8716.79
15/5/18,8510.38
16/5/18,8368.83
17/5/18,8094.32
18/5/18,8250.97
19/5/18,8247.18
20/5/18,8513.25
21/5/18,8418.99
22/5/18,8041.78
23/5/18,7557.82
24/5/18,7587.34
25/5/18,7480.14
26/5/18,7355.88
27/5/18,7368.22
28/5/18,7135.99
29/5/18,7472.59
30/5/18,7406.52
31/5/18,7494.17
1/6/18,7541.45
2/6/18,7643.45
3/6/18,7720.25
4/6/18,7514.47
5/6/18,7633.76
6/6/18,7653.98
7/6/18,7678.24
8/6/18,7624.92
9/6/18,7531.98
10/6/18,6786.02
11/6/18,6906.92
12/6/18,6582.36
13/6/18,6349.9
14/6/18,6675.35
15/6/18,6456.58
16/6/18,6550.16
17/6/18,6499.27
18/6/18,6734.82
19/6/18,6769.94
20/6/18,6776.55
21/6/18,6729.74
22/6/18,6083.69
23/6/18,6162.48
24/6/18,6173.23
25/6/18,6249.18
26/6/18,6093.67
27/6/18,6157.13
28/6/18,5903.44
29/6/18,6218.3
30/6/18,6404