date,close,volume,BCHAIN-DIFF,BCHAIN-AVBLS,BCHAIN-MIREV,BCHAIN-CPTRA,BCHAIN-NTRAN,BCHAIN-HRATE,BCHAIN-CPT,BCHAIN-NTRBL
1/1/18,13657.2,10291200000,1.87E+12,1.037056969,35435185.86,125.9706384,290422,15177350.25,122.0127465,1781.730061
2/1/18,14982.1,16846600192,1.92E+12,1.0433825,32334328.99,138.227164,241757,14975580.96,133.7472296,1549.724359
3/1/18,15201,16871900160,1.93E+12,1.041367596,40553327.64,122.6356244,340980,16415540.67,118.93169,1994.035088
4/1/18,15599.2,21783199744,1.93E+12,1.06551321,39612658.08,103.1087188,395963,15071578.27,100.0413121,2522.057325
5/1/18,17429.5,23840899072,1.93E+12,1.065832702,42527795.29,102.9338557,425008,16127548.73,100.0635171,2529.809524
6/1/18,17527,18314600448,1.93E+12,1.067635797,41569957.46,124.7243621,342707,13727615.88,121.298828,2396.552448
7/1/18,16477.6,15866000384,1.93E+12,1.054609161,46900388.18,134.8711739,358847,16127548.73,130.697451,2135.994048
8/1/18,15170.1,18413899776,1.93E+12,1.047738315,43826673.43,122.6117109,368187,15551564.84,119.033734,2272.759259
9/1/18,14595.4,16659999744,1.93E+12,1.050648337,41050023.03,122.3105476,345672,15935554.1,118.7542613,2082.361446
10/1/18,14973.3,18500800512,1.93E+12,1.054599348,39993340.56,114.4587772,360265,15743559.47,111.0108963,2196.737805
11/1/18,13405.8,16534099968,1.93E+12,1.058194976,41068171.48,121.7157802,347393,15935554.1,118.2181894,2092.728916
12/1/18,13980.6,12065699840,1.93E+12,1.057117456,40136372.69,122.3587554,337959,18527481.57,118.7610707,1751.082902
13/1/18,14360.2,12763599872,1.93E+12,1.054668758,38260425.5,131.790878,300091,17087521.86,127.4960779,1685.904494
14/1/18,13772,11084099584,2.13E+12,1.014637591,33603224.7,130.462565,265735,16501289.11,126.4538909,1783.456376
15/1/18,13819.8,12750799872,2.23E+12,1.050657768,32575141.38,143.1483801,235045,17165770.55,138.5910842,1516.419355
16/1/18,11490.5,18853799936,2.23E+12,1.059330047,32326136.17,122.1415435,273623,16612036.02,118.141151,1824.153333
17/1/18,11188.6,18830600192,2.23E+12,1.05005422,28025172.32,95.48833801,303725,17608758.18,92.27153617,1910.220126
18/1/18,11474.9,15020399616,2.23E+12,1.062211413,29865677.22,97.25921641,315771,18494733.44,94.58017747,1890.844311
19/1/18,11607.4,10740400128,2.23E+12,1.050848873,31046750.95,103.3530706,309495,19159214.88,100.3142246,1788.988439
20/1/18,12899.2,11801700352,2.23E+12,1.048356521,28241982.9,119.7476283,243619,18273239.62,115.9268485,1476.478788
21/1/18,11600.1,9935179776,2.23E+12,1.10656859,33309440.45,142.872218,240611,19712949.41,138.436898,1351.747191
22/1/18,10931.4,10537400320,2.23E+12,1.077492856,29815798.36,143.0463337,215622,20709671.57,138.2780902,1153.058824
23/1/18,10868.4,9660609536,2.23E+12,1.081038102,24447639.64,103.1482879,245562,18494733.44,99.5579106,1470.431138
24/1/18,11359.4,9940989952,2.23E+12,1.070344655,27086864.96,103.1137992,271936,19602202.5,99.60749943,1536.361582
25/1/18,11259.4,8873169920,2.23E+12,1.069993955,27021008.71,111.8885531,250423,19491455.6,107.9014656,1422.857955
26/1/18,11171.4,9746199552,2.46E+12,1.11032681,23853113.88,104.0885881,236580,20445148.56,100.8247269,1497.341772
27/1/18,11440.7,7583269888,2.60E+12,1.042627297,22680092.51,106.8142298,220459,20056949.54,102.8766914,1422.316129
28/1/18,11786.3,8350360064,2.60E+12,1.03854793,23654604.11,126.8556963,193578,20315748.89,122.1967585,1232.980892
29/1/18,11296.4,7107359744,2.60E+12,1.031008842,24143236.92,117.4302623,213446,20445148.56,113.111686,1350.924051
30/1/18,10106.3,8637859840,2.60E+12,1.018173892,21651636.81,96.38235165,232176,19151151.82,93.25527533,1568.756757
31/1/18,10221.1,8041160192,2.60E+12,0.987508671,22124873.97,96.74924884,236609,21609745.63,93.50816736,1416.820359
1/2/18,9170.54,9959400448,2.60E+12,1.042831316,15840583.36,80.52914833,204276,15139761.91,77.5450046,1745.948718
2/2/18,8830.75,12726899712,2.60E+12,1.053963175,19329173.73,78.04964662,257664,20703947.91,75.01697456,1610.4
3/2/18,9174.91,7263790080,2.60E+12,1.022478524,20349747.21,89.59190155,235918,21739145.31,86.25771332,1404.27381
4/2/18,8277.01,7073549824,2.60E+12,0.996566861,18561807.19,98.82475748,194891,20445148.56,95.24199266,1233.487342
5/2/18,6955.27,9285289984,2.60E+12,0.990487949,19061071.07,112.9996774,173687,23033142.05,109.7437981,975.7696629
6/2/18,7754,13999800320,2.60E+12,1.10273347,16457612.31,78.58611514,216363,23938939.78,76.06481842,1169.52973
7/2/18,7621.3,9169280000,2.61E+12,1.067524459,17000620.93,72.07311859,244120,24293141.32,69.64042657,1436
8/2/18,8265.59,9346750464,2.87E+12,1.07172239,14762174.06,71.48027201,213719,20149017.21,69.07282021,1515.737589
9/2/18,8736.98,6784820224,2.87E+12,1.048305229,13782297.58,82.05323158,173289,18720008.9,79.53359749,1322.816794
10/2/18,8621.9,7780960256,2.87E+12,1.076192548,14685356.43,85.22387785,177860,19291612.22,82.56694268,1317.481481
11/2/18,8129.97,6122189824,2.87E+12,1.034792427,15154655.17,85.87463218,181783,20434818.87,83.36673487,1271.20979
12/2/18,8926.57,6256439808,2.87E+12,1.006919152,15831705.86,110.4917533,147208,21578025.52,107.5465047,974.8874172
13/2/18,8598.31,5696719872,2.87E+12,1.04129159,18398084.88,101.1142028,186918,23721537.99,98.42864186,1126.012048
14/2/18,9494.63,7909819904,2.87E+12,1.032956159,17728596.59,99.54422387,182984,23435736.33,96.88604788,1115.756098
15/2/18,10166.4,9062540288,2.87E+12,1.015834832,20951584.52,109.3663177,196417,25579248.8,106.6688959,1097.301676
16/2/18,10233.9,7296159744,2.87E+12,1.063894962,16527155.6,85.66287851,198183,18720008.9,83.39340711,1512.847328
17/2/18,11112.7,8660880384,2.87E+12,0.989634395,19925190.58,109.0058176,187738,22435430.51,106.132965,1195.783439
18/2/18,10551.8,8744009728,2.87E+12,0.973017181,20236577.45,119.2282046,173789,21292223.86,116.4433735,1166.369128
19/2/18,11225.3,7652089856,2.87E+12,0.972766673,21269179.13,136.2892293,159495,23149934.67,133.3532658,984.537037
20/2/18,11403.7,9926540288,2.87E+12,1.006584074,22566369.92,123.10248,187367,23149934.67,120.4394046,1156.58642
21/2/18,10690.4,9405339648,2.97E+12,1.010840262,20189469.23,104.1570821,198455,21079198.67,101.7332354,1407.48227
22/2/18,10005,8040079872,3.01E+12,0.985094627,22261055.19,110.521018,205201,25265138.83,108.4841457,1214.207101
23/2/18,10301.1,7739500032,3.01E+12,0.918956356,18506552.05,102.9827894,183235,22275181.57,100.9990016,1229.765101
24/2/18,9813.07,6917929984,3.01E+12,1.006292973,19145427.8,105.5730244,185193,22125683.71,103.3809474,1251.304054
25/2/18,9664.73,5706939904,3.01E+12,1.027894041,18033349.18,119.7768335,154534,21677190.12,116.6950262,1065.751724
26/2/18,10366.7,7287690240,3.01E+12,0.710161316,20726468.25,145.8441828,144869,25564134.55,143.0704171,847.1871345
27/2/18,10725.6,6966179840,3.01E+12,0.982314461,18260110.58,100.3754893,186474,21079198.67,97.92309159,1322.510638
28/2/18,10397.9,6936189952,3.01E+12,1.01619215,21592349.97,100.4982862,219624,23919658.06,98.3150747,1372.65
1/3/18,10951,7317279744,3.01E+12,1.0542164,20144045.51,108.994016,189223,23172168.75,106.4566438,1220.793548
2/3/18,11086.4,7620590080,3.01E+12,1.068240521,22728868.45,99.59593086,233744,24667147.38,97.23829682,1416.630303
3/3/18,11489.7,6690570240,3.01E+12,0.861064474,21569895.07,112.8979188,195073,23321666.61,110.5734523,1250.467949
4/3/18,11512.6,6084149760,3.01E+12,0.976833517,25485633.75,146.3962386,177024,26909615.32,143.9671104,983.4666667
5/3/18,11573.3,6468539904,3.01E+12,1.002853642,21145836.08,134.3582513,160231,22125683.71,131.9709425,1082.641892
6/3/18,10779.9,6832169984,3.23E+12,1.016060517,21689457.57,109.7760038,201438,24372959.73,107.6731181,1351.932886
7/3/18,9965.57,8797910016,3.29E+12,1.022209487,20998999.95,103.8223177,206016,25517998.11,101.9289761,1320.615385
8/3/18,9395.01,7186089984,3.29E+12,1.022321911,19856688.83,94.44512407,213978,25681575.02,92.7978055,1362.917197
9/3/18,9337.55,8704190464,3.29E+12,1.019423074,19122238.46,98.91925509,196422,26499459.57,97.35283451,1212.481481
10/3/18,8866,5386319872,3.29E+12,1.031228342,16597022.24,85.29951266,198180,23882229,83.7472108,1357.39726
11/3/18,9578.63,6296370176,3.29E+12,1.013145557,15401709.52,100.2236039,156228,22900767.53,98.58482168,1115.914286
12/3/18,9205.12,6457399808,3.29E+12,1.013150765,18756523.7,126.2912157,150884,25027267.37,124.3108858,986.1699346
13/3/18,9194.85,5991139840,3.29E+12,0.947042919,18489655.05,99.72611703,188394,26335882.66,98.14354519,1170.149068
14/3/18,8269.81,6438230016,3.29E+12,0.892580943,18172079.5,95.01379484,196140,25845151.93,92.64851382,1241.392405
15/3/18,8300.86,6834429952,3.29E+12,0.744636688,14672757,78.38429623,191042,23555075.18,76.80382848,1326.680556
16/3/18,8338.35,5289379840,3.29E+12,0.770433132,15044619,74.45177074,206186,23555075.18,72.96624892,1431.847222
17/3/18,7916.88,4426149888,3.29E+12,0.683671737,16634283.9,90.31616077,186979,25517998.11,88.96338038,1198.583333
18/3/18,8223.68,6639190016,3.29E+12,0.515427899,14888219.02,97.47958697,154496,24372959.73,96.3663721,1036.885906
19/3/18,8630.65,6729110016,3.38E+12,0.695280424,15423545.81,95.07577061,164401,25990711.3,93.81661798,1088.748344
20/3/18,8913.47,6361789952,3.46E+12,0.678044703,16306726.62,86.44815603,191528,26679206.96,85.14017071,1235.664516
21/3/18,8929.28,6043129856,3.46E+12,0.793882709,14275767.43,74.54491846,195168,21859737.32,73.1460456,1536.755906
22/3/18,8728.47,5530390016,3.46E+12,0.670269184,17009679.09,88.6768927,194846,26162835.21,87.29806661,1281.881579
23/3/18,8879.62,5954120192,3.46E+12,0.79781907,15534104.9,85.18440619,185187,24613719.97,83.88334438,1295.013986
24/3/18,8668.12,5664600064,3.46E+12,0.830547677,14450536.16,81.58218416,179818,22892480.81,80.36201137,1352.015038
25/3/18,8495.78,4569880064,3.46E+12,0.596552,16891637.75,108.7306672,157087,26851330.88,107.5304624,1006.967949
26/3/18,8209.4,5921039872,3.46E+12,0.568772859,14541688.13,108.7868234,135274,23236728.64,107.4980272,1002.02963
27/3/18,7833.04,5378250240,3.46E+12,0.71241346,15370403.13,83.00034347,187850,25818587.38,81.82274754,1252.333333
28/3/18,7954.48,4935289856,3.46E+12,0.763199125,14964770.5,81.15599839,187065,26162835.21,79.99770401,1230.690789
29/3/18,7165.7,6361229824,3.46E+12,0.724552822,13433141.25,76.75108052,177521,23236728.64,75.67071642,1314.97037
30/3/18,6890.52,6289509888,3.46E+12,0.679723553,13627332,71.83802812,192411,26162835.21,70.8240797,1265.861842
31/3/18,6973.53,4553269760,3.46E+12,0.625428123,13937126.63,75.90864138,185940,27884074.37,74.95496733,1147.777778
1/4/18,6844.23,4532100096,3.46E+12,0.676326477,11096768,75.60369357,148617,22031861.23,74.66688199,1161.070313
2/4/18,7083.8,4333440000,3.49E+12,0.453174049,13758062.63,102.7334705,135129,28274794.22,101.8142858,834.1296296
3/4/18,7456.11,5499700224,3.51E+12,0.566611865,13719904.25,82.47463115,168178,27227579.62,81.57966113,1078.064103
4/4/18,6853.84,4936000000,3.51E+12,0.675785785,15098761.31,76.84022313,198919,28449329.98,75.90406805,1220.361963
5/4/18,6811.47,5639320064,3.51E+12,0.72334634,12472512.06,68.06837261,185710,25656757.72,67.16123021,1263.333333
6/4/18,6636.32,3766810112,3.51E+12,0.646244718,13311694.5,74.12716669,181832,27227579.62,73.20875588,1165.589744
7/4/18,6911.09,3976610048,3.51E+12,0.824647616,11431310.51,67.2091819,172889,24085935.81,66.11936277,1252.818841
8/4/18,7023.52,3652499968,3.51E+12,0.538825089,15587298,102.0149688,154639,31416438.02,100.7979746,859.1055556
9/4/18,6770.73,4894060032,3.51E+12,0.431451764,14130051.7,103.0102612,138535,28100258.45,101.9962587,860.4658385
10/4/18,6834.76,4272750080,3.51E+12,0.738487776,12309914.75,70.57050325,176563,25656757.72,69.71967371,1201.108844
11/4/18,6968.32,4641889792,3.51E+12,0.683104451,13914521.92,75.47975089,186415,28623865.75,74.64271607,1136.676829
12/4/18,7889.25,8906250240,3.51E+12,0.638290516,13939111.67,76.92694432,183248,28100258.45,76.06692388,1138.186335
13/4/18,7895.96,7764460032,3.51E+12,0.825766455,15107101.63,72.96763529,210879,26878508.08,71.63871995,1369.344156
14/4/18,7986.24,5191430144,3.51E+12,0.722759497,16284279.69,76.26670998,217282,28798401.52,74.94536909,1316.860606
15/4/18,8329.11,5244480000,3.80E+12,0.79891027,13762525.18,86.2160725,161843,26146926.52,85.0362708,1181.335766
16/4/18,8058.67,5631309824,3.84E+12,0.847521675,16994274.73,98.81570937,174031,31109116.95,97.65084801,1067.674847
17/4/18,7902.09,6900879872,3.84E+12,0.967547255,14177203.38,73.34898223,196106,26910340.43,72.29357274,1390.822695
18/4/18,8163.42,6529909760,3.84E+12,0.727804469,15988219.28,80.24270344,201820,30918263.48,79.22019262,1245.802469
19/4/18,8294.31,7063209984,3.84E+12,0.674461025,16329874.85,82.37817348,200740,30536556.52,81.34838523,1254.625
20/4/18,8845.83,8438110208,3.84E+12,0.625799629,18366540.63,87.08647289,213523,33971919.13,86.01668497,1199.567416
21/4/18,8895.58,7548550144,3.84E+12,0.818439788,15169132.86,74.20076462,207777,26146926.52,73.00679509,1516.620438
22/4/18,8802.46,6629899776,3.84E+12,0.764312912,17521934.35,91.52981846,193975,30345703.04,90.33088979,1219.968553
23/4/18,8930.88,6925190144,3.84E+12,0.558847231,17677096.67,103.969525,171870,30536556.52,102.8515545,1074.1875
24/4/18,9697.5,10678800384,3.84E+12,0.762616059,17086010.44,76.63378659,226353,29200582.17,75.48391423,1479.431373
25/4/18,8845.74,11083100160,3.84E+12,0.967178522,19144528.4,77.08139707,254493,30345703.04,75.22614923,1600.584906
26/4/18,9281.51,8970559488,3.84E+12,1.043031374,14253380.31,68.75640291,213155,23474977.82,66.8686182,1732.96748
27/4/18,8987.05,7566289920,3.84E+12,0.884706511,16429027.84,78.17805679,216732,26910340.43,75.8034247,1537.106383
28/4/18,9348.48,7805479936,3.94E+12,0.955995035,16065400.56,78.1292383,211119,28391145.89,76.09642221,1486.753521
29/4/18,9419.08,8853000192,4.02E+12,0.844274703,14931203.51,75.18169588,203681,25592018.83,73.30680577,1591.257813
30/4/18,9240.55,8673920000,4.02E+12,0.623489734,18435206.29,103.7668795,180798,31590148.24,101.9657645,1144.291139
1/5/18,9119.01,7713019904,4.02E+12,0.748396935,17940416.88,84.98291576,215107,30990335.3,83.40229223,1387.787097
2/5/18,9235.92,7558159872,4.02E+12,0.673271551,17923394.92,91.0766818,199959,31590148.24,89.63534983,1265.563291
3/5/18,9743.86,10207299584,4.02E+12,0.877978136,16155938.35,77.70324273,212296,27991270.6,76.10100215,1516.4
4/5/18,9700.76,8217829888,4.02E+12,0.867924702,18194118.98,81.27879903,228521,30190584.71,79.616836,1513.384106
5/5/18,9858.15,7651939840,4.02E+12,0.973819029,16751009.25,78.21007804,219069,27591395.3,76.46453515,1587.456522
6/5/18,9654.8,7222280192,4.02E+12,0.72648936,19738957.97,98.88659051,202703,32189961.18,97.37871651,1259.024845
7/5/18,9373.01,7394019840,4.02E+12,0.758401058,16501238.51,97.76874783,171761,27391457.65,96.0709271,1253.729927
8/5/18,9234.82,7415869952,4.02E+12,0.867701387,17532514.44,87.08875006,205063,29990647.07,85.49818563,1367.086667
9/5/18,9325.18,7226890240,4.02E+12,0.915397129,16034706.98,75.07090642,217810,27791332.95,73.6178641,1566.978417
10/5/18,9043.94,6906699776,4.02E+12,0.732925588,18644083.33,91.62926172,206579,31990023.54,90.25159059,1291.11875
11/5/18,8441.49,8488520192,4.02E+12,0.733376695,17520355.42,85.00855292,208961,30790397.65,83.84509749,1356.88961
12/5/18,8504.89,6821380096,4.14E+12,1.075571205,13452669.74,64.46466067,213624,26161151.17,62.97358788,1682.07874
13/5/18,8723.94,5866379776,4.14E+12,0.644236685,17498965,97.44263544,182054,33988897.19,96.11964033,1103.357576
14/5/18,8716.79,7364149760,4.14E+12,0.576345047,16146155.58,102.9626222,158794,30487010.81,101.6798845,1072.932432
15/5/18,8510.38,6705710080,4.14E+12,0.872704273,14284515.29,69.5332531,209697,27191117.75,68.1197885,1588.613636
16/5/18,8368.83,6760220160,4.14E+12,0.791380507,15533410.85,73.82211345,214779,30075024.18,72.32276363,1471.089041
17/5/18,8094.32,5862530048,4.14E+12,0.60659714,18670664.41,90.81812964,208463,36872803.62,89.56344489,1164.597765
18/5/18,8250.97,5764190208,4.14E+12,0.860254947,13537217.62,71.68919885,192683,27191117.75,70.25641918,1459.719697
19/5/18,8247.18,4712399872,4.14E+12,0.839280155,15433623.02,74.81020356,211496,30487010.81,72.97359295,1429.027027
20/5/18,8513.25,5191059968,4.14E+12,0.580258701,15829830.04,92.84853974,173274,31722970.71,91.35721483,1125.155844
21/5/18,8418.99,5154990080,4.14E+12,0.555049556,15313332,97.85472937,158663,29663037.55,96.51482702,1101.826389
22/5/18,8041.78,5137010176,4.14E+12,0.755369968,16465039.57,82.50322473,202647,32340950.66,81.24985602,1290.745223
23/5/18,7557.82,6491120128,4.14E+12,0.697712556,15129407.25,75.45116512,203337,31104990.76,74.40557916,1346.602649
24/5/18,7587.34,6049220096,4.14E+12,0.748044364,15300373.5,69.5946312,223196,33370917.24,68.551289,1377.753086
25/5/18,7480.14,4867829760,4.22E+12,0.726173154,13524570.58,66.47983698,206825,30616246.32,65.39137234,1446.328671
26/5/18,7355.88,4051539968,4.31E+12,0.62506196,16379524.33,84.64473147,196181,37681533.93,83.49189949,1114.664773
27/5/18,7368.22,4056519936,4.31E+12,0.488469383,14869389.38,94.68714037,158783,34684139.19,93.64597832,980.1419753
28/5/18,7135.99,5040600064,4.31E+12,0.448727189,15091754.92,105.5763967,144304,35112338.44,104.5830671,879.902439
29/5/18,7472.59,5662660096,4.31E+12,0.710101115,13947339.5,74.64298258,189063,33399541.44,73.7708568,1211.942308
30/5/18,7406.52,4922540032,4.31E+12,0.832153324,12968995.59,64.34158989,204769,29759847.82,63.33476056,1473.158273
31/5/18,7494.17,5127130112,4.31E+12,0.62599008,16063234.13,79.5317599,204077,37253334.68,78.71163397,1172.856322
1/6/18,7541.45,4921460224,4.31E+12,0.706883535,15919297.25,76.75189633,209526,36396936.18,75.97766984,1232.505882
2/6/18,7643.45,4939299840,4.31E+12,0.721915084,15635429.33,76.83900792,205481,35540537.68,76.09184953,1237.837349
3/6/18,7720.25,4851760128,4.31E+12,0.622946711,14525778.67,83.95691374,174497,32543142.94,83.24371575,1148.006579
4/6/18,7514.47,4993169920,4.31E+12,0.77128435,15688517.73,96.70884032,163443,34898238.81,95.98770045,1002.717791
5/6/18,7633.76,4961739776,4.31E+12,1.055892372,17156875.25,82.47209149,209916,39180231.3,81.73209879,1147.081967
6/6/18,7653.98,4692259840,4.42E+12,0.848479486,16659392.19,78.91225694,212901,42980660.1,78.24947833,1216.577143
7/6/18,7678.24,4485799936,4.94E+12,0.991682973,14067189.5,68.87103391,206417,36103754.49,68.14937481,1404.197279
8/6/18,7624.92,4227579904,4.94E+12,1.08251349,13721335.6,66.85066803,207627,35121339.4,66.08647047,1451.937063
9/6/18,7531.98,3845220096,4.94E+12,0.89716309,13811527.92,69.60737234,200379,35612546.94,68.92702288,1381.924138
10/6/18,6786.02,5804839936,4.94E+12,0.630925119,13551637.53,79.75721842,171306,35121339.4,79.10778098,1197.944056
11/6/18,6906.92,4745269760,4.94E+12,0.759267441,10758310.23,60.46132687,179809,31191679.05,59.83187843,1415.818898
12/6/18,6582.36,4654380032,4.94E+12,0.793075614,12039312.76,57.23403382,213196,34384528.08,56.47063154,1522.828571
13/6/18,6349.9,5052349952,4.94E+12,1.04493149,11844835.52,55.86335425,214595,35612546.94,55.19623253,1479.965517
14/6/18,6675.35,5138710016,4.94E+12,0.913050266,11320892.25,54.40997604,211829,35121339.4,53.4435429,1481.321678
15/6/18,6456.58,3955389952,4.94E+12,0.743882065,12712413,61.41363292,210029,37577377.12,60.52694152,1372.738562
16/6/18,6550.16,3194170112,4.94E+12,0.801346516,12305193.3,60.49921533,205861,37577377.12,59.77428119,1345.496732
17/6/18,6499.27,3104019968,4.94E+12,0.473838946,13507060.33,85.57476861,159090,40770226.16,84.90200725,958.373494
18/6/18,6734.82,4039200000,4.94E+12,0.490980268,12686407.9,88.59587181,144908,38559792.21,87.54801595,922.9808917
19/6/18,6769.94,4057029888,4.94E+12,0.648707695,13762650.4,70.70777748,196305,40279018.61,70.10850666,1196.981707
20/6/18,6776.55,3888640000,5.02E+12,0.908624084,13329154.5,70.99687913,191805,39122596.14,69.49325878,1237.451613
21/6/18,6729.74,3529129984,5.08E+12,1.078000258,13820511.8,71.3991391,198889,39122596.14,69.48856801,1283.154839
22/6/18,6083.69,5079810048,5.08E+12,0.616743429,14388442.37,74.71825659,198113,42908653.83,72.62745186,1165.370588
23/6/18,6162.48,3431360000,5.08E+12,0.795271689,12793132.95,64.44384662,204144,38112980.76,62.66720036,1351.94702
24/6/18,6173.23,4566909952,5.08E+12,0.534422669,12098140,75.27073765,163295,40384615.37,74.08763281,1020.59375
25/6/18,6249.18,5500810240,5.08E+12,0.484736936,13225424.94,84.71232626,158022,43161057.68,83.6935676,924.1052632
26/6/18,6093.67,3279759872,5.08E+12,0.920947834,12092548.55,61.44671555,200173,39627403.83,60.41048765,1274.987261
27/6/18,6157.13,3296219904,5.08E+12,1.067591651,11395190.5,59.34957083,195404,36850961.53,58.31605545,1338.383562
28/6/18,5903.44,3467800064,5.08E+12,1.088043074,9288788.415,50.28921213,188510,30540865.37,49.27477808,1557.933884
29/6/18,6218.3,3966230016,5.08E+12,0.689429567,12052693.75,65.1275547,187624,39627403.83,64.23855024,1195.057325
30/6/18,6404,4543860224,5.08E+12,0.746513298,11236721.63,57.60989406,197881,38112980.76,56.78524783,1310.470199
1/7/18,6385.82,4788259840,5.08E+12,0.987340128,10494418.5,58.73561376,181065,35588942.3,57.95939856,1284.148936
2/7/18,6614.18,4396930048,5.08E+12,0.705291442,11673361.88,75.3937329,156247,37103365.37,74.71095045,1062.904762
3/7/18,6529.59,4672309760,5.17E+12,0.987550149,11271293.25,57.30956946,199294,37594816.26,56.55610932,1413.432624
4/7/18,6597.55,4176689920,5.36E+12,1.113817009,9617154,45.22424088,216747,30929068.69,44.37041343,1868.508621
5/7/18,6639.14,4999240192,5.36E+12,0.935352985,11089706,54.31817269,206788,35728406.94,53.62838269,1543.19403
6/7/18,6673.5,4313959936,5.36E+12,0.783748219,11467704.88,58.11656982,199600,36528296.65,57.45343124,1456.934307
7/7/18,6856.93,3961080064,5.36E+12,0.685458581,13022240,65.49257767,200993,42660784.4,64.78952003,1256.20625
8/7/18,6773.88,3386210048,5.36E+12,0.537210058,12914635.5,76.5419297,170160,41594264.79,75.89701164,1090.769231
9/7/18,6741.75,3718129920,5.36E+12,0.592209538,13062255,84.56644232,155685,42127524.6,83.90182098,985.3481013
10/7/18,6329.95,4052430080,5.36E+12,1.060415353,11427128,55.97333196,206546,36261666.74,55.32485742,1518.720588
11/7/18,6394.71,3644859904,5.36E+12,0.971490577,12485753,58.49685388,216063,39727855.48,57.78755733,1450.087248
12/7/18,6228.81,3770170112,5.36E+12,1.006592259,10811120.63,54.00752874,202603,35995036.84,53.3611083,1500.762963
13/7/18,6238.05,3805400064,5.36E+12,1.179159482,11268737.63,55.95043171,203535,37594816.26,55.36510981,1443.510638
14/7/18,6276.12,2923670016,5.36E+12,1.113532706,11015182.75,53.56109038,207904,38128076.06,52.98206263,1453.874126
15/7/18,6359.64,3285459968,5.36E+12,1.159489827,10322279.63,59.0196428,176475,35461777.04,58.49145559,1326.879699
16/7/18,6741.75,4725799936,5.36E+12,0.77394609,10424456.88,65.28198175,161151,35461777.04,64.6875097,1211.661654
17/7/18,7321.04,5961950208,5.36E+12,0.928807492,9550007.43,46.64062406,207842,31995588.3,45.94840037,1732.016667
18/7/18,7370.78,6103410176,5.20E+12,0.909335535,13252292.25,57.35278485,233966,40931868.49,56.64195759,1471.484277
19/7/18,7466.86,5111629824,5.18E+12,1.046474247,16010523,68.03565085,238769,44793365.52,67.05444593,1372.235632
20/7/18,7354.13,4936869888,5.18E+12,0.734628801,15668190.72,70.53032776,225039,44021066.11,69.62433498,1316.017544
21/7/18,7419.29,3726609920,5.18E+12,0.815292727,14443929.5,64.81279613,225529,39644702.82,64.0446661,1464.474026
22/7/18,7418.49,3695460096,5.18E+12,0.715741226,12556546.63,68.63507931,184803,35268339.52,67.94557786,1348.927007
23/7/18,7711.11,5132480000,5.18E+12,0.451292709,16874334.75,101.6215338,167129,46852830.6,100.965929,918.2912088
24/7/18,8424.27,7277689856,5.18E+12,0.890057922,15381186.5,67.87000821,229480,42733900.44,67.02626155,1382.409639
25/7/18,8181.39,5845400064,5.18E+12,0.917435553,15319928.25,59.9496459,259358,40931868.49,59.0686551,1631.18239
26/7/18,7951.58,4899089920,5.18E+12,0.965074492,18661751.63,75.48921382,250208,45565664.92,74.58495182,1413.60452
27/7/18,8165.01,5195879936,5.18E+12,0.771370909,16911592.5,73.84096036,231679,42476467.3,72.99579375,1404.115152
28/7/18,8192.15,3988750080,5.18E+12,0.886276054,16568111.75,72.94164601,229397,42991333.57,72.2246226,1373.634731
29/7/18,8218.46,4107190016,5.18E+12,0.759045938,14770485.99,79.14850324,188238,37327804.6,78.46707886,1298.193103
30/7/18,8180.48,5551400000,5.60E+12,0.539320924,17431648.02,104.2233261,168407,50277183.1,103.5090467,990.6294118
31/7/18,7780.44,5287530000,5.95E+12,0.911087888,13817728.25,60.71469786,230924,39630250.21,59.83669194,1723.313433
1/8/18,7624.91,4797620000,5.95E+12,0.950214048,14996021.25,62.57714279,242977,43474975.98,61.71786321,1652.904762
2/8/18,7567.15,4214110000,5.95E+12,0.990541167,14445819.08,60.57818146,241044,44362220.38,59.93021639,1606.96
3/8/18,7434.39,4627150000,5.95E+12,0.806938451,14541709.8,65.41608789,224873,45249464.79,64.66632188,1469.75817
4/8/18,7032.85,4268390000,5.95E+12,0.834025711,15674653.75,68.95540358,229859,49094190.56,68.19247343,1384.692771
5/8/18,7068.48,3679110000,5.95E+12,0.574082176,16381955.16,86.06518985,191657,52051671.92,85.47538133,1088.960227
6/8/18,6951.8,3925900000,5.95E+12,0.578105369,14016460,81.96015649,172181,47319701.74,81.40538155,1076.13125
7/8/18,6753.12,4682800000,5.95E+12,1.050986702,11517945.75,53.25904562,218607,38743005.8,52.68790912,1668.755725
8/8/18,6305.8,5064430000,5.95E+12,1.016458437,12988132.88,56.28195175,233045,44657968.52,55.7322958,1543.344371
9/8/18,6568.23,4267040000,5.95E+12,0.81295779,12792695.75,54.36505624,235311,46432457.33,54.36505624,1498.796178
10/8/18,6184.71,4528680000,5.95E+12,0.804355664,12046723.14,54.18494975,222326,44066472.25,54.18494975,1492.120805
11/8/18,6295.73,4047850000,5.95E+12,0.792378119,14202869.62,62.80342793,226148,52051671.92,62.80342793,1284.931818
12/8/18,6322.69,5665250000,6.20E+12,0.611510918,13261117.58,68.91111723,192438,53994493.05,68.91111723,1131.988235
13/8/18,6297.57,4083980000,6.39E+12,0.584546742,12308443.93,74.57674276,165044,49230273.08,74.57674276,1064.8
14/8/18,6199.71,5301700000,6.39E+12,0.906496873,12027194.99,54.12072678,222229,47642199.75,54.12072678,1481.526667
15/8/18,6308.52,4895450000,6.39E+12,1.011792919,10446684.93,42.18803228,247622,43195594.44,42.18803228,1820.75
16/8/18,6334.73,4328420000,6.39E+12,0.791067155,12945905.19,52.61151558,246066,51135961.07,52.61151558,1528.360248
17/8/18,6580.63,4992990000,6.39E+12,0.761947316,12679218.34,54.57300166,232335,50183117.07,54.57300166,1470.474684
18/8/18,6423.76,3984520000,6.39E+12,0.833029454,12467282.79,53.32593134,233794,48277429.08,53.32593134,1538.118421
19/8/18,6506.07,3311170000,6.39E+12,0.590060225,12979347.07,67.97783053,190935,50818346.4,67.97783053,1193.34375
20/8/18,6308.53,3665100000,6.39E+12,0.619528076,11716527.56,69.99120409,167400,46054126.43,69.99120409,1154.482759
21/8/18,6488.76,3377180000,6.39E+12,0.818181573,12251866.12,56.98993001,214983,47642199.75,56.98993001,1433.22
22/8/18,6376.71,4668110000,6.39E+12,0.779786689,12000750.8,55.10568515,217777,47006970.42,55.10568515,1471.466216
23/8/18,6534.88,3426180000,6.39E+12,0.774898263,13310066.63,57.78619057,230333,50818346.4,57.78619057,1439.58125
24/8/18,6719.96,4097820000,6.39E+12,0.768391154,12109214.18,55.71245805,217352,47324585.09,55.71245805,1458.738255
25/8/18,6763.19,3312600000,6.51E+12,0.820710534,12067487.56,54.89014028,219848,48824180.03,54.89014028,1505.808219
26/8/18,6707.26,3295500000,6.73E+12,0.763551689,11480569.01,58.44908364,196420,45145645.91,58.44908364,1454.962963
27/8/18,6884.64,4019000000,6.73E+12,0.569715503,14616492.47,84.6121349,172747,57853309.21,84.6121349,998.5375723
28/8/18,7096.28,4659940000,6.73E+12,0.701549638,15757726.02,70.45519019,223656,61866255.51,70.45519019,1208.951351
29/8/18,7047.16,4145880000,6.73E+12,0.879880758,13704072.55,57.57070293,238039,51165065.37,57.57070293,1555.810458
30/8/18,6978.23,4463250000,6.73E+12,0.90788618,12423621.46,52.30822313,237508,46483294.68,52.30822313,1708.690647
31/8/18,7037.58,4495650000,6.73E+12,0.817750818,13512459.52,58.39665122,231391,51499477.56,58.39665122,1502.538961
1/9/18,7193.25,4116050000,6.73E+12,0.80918129,13703858.67,57.80365228,237076,51833889.75,57.80365228,1529.522581
2/9/18,7272.72,4329540000,6.73E+12,0.769296053,13539458.25,63.46690471,213331,50496240.99,63.46690471,1412.788079
3/9/18,7260.06,4087760000,6.73E+12,0.648996729,13164449.08,70.34357894,187145,48155355.64,70.34357894,1299.618056
4/9/18,7361.66,4273640000,6.73E+12,0.846752486,13214317.55,59.28441188,222897,48155355.64,59.28441188,1547.895833
5/9/18,6792.83,5800460000,6.73E+12,0.957670738,11716417.74,50.44418115,232265,42135936.19,50.44418115,1843.373016
6/9/18,6529.17,5523470000,6.73E+12,1.008443932,11962954.21,48.53578311,246477,44142409.34,48.53578311,1867.25
7/9/18,6467.07,4264680000,6.73E+12,0.888037207,12263681.83,48.61505279,252261,50161828.79,48.61505279,1681.74
8/9/18,6225.98,3835060000,6.97E+12,0.889911336,12425079.42,53.83716545,230790,53036795.53,53.83716545,1518.355263
9/9/18,6300.86,3671890000,7.02E+12,0.7105398,12056257.73,58.97556955,204428,52338942.95,58.97556955,1362.853333
10/9/18,6329.7,3714100000,7.02E+12,0.616029117,12924076.09,68.41320877,188912,56874984.68,68.41320877,1158.969325
11/9/18,6321.2,3849910000,7.02E+12,0.899061756,10753469.61,48.2508306,222866,47105048.66,48.2508306,1650.859259
12/9/18,6351.8,4064230000,7.02E+12,0.941821383,11243810.47,47.32821124,237571,49198606.38,47.32821124,1684.900709
13/9/18,6517.31,4210910000,7.02E+12,0.709051161,13323607.15,57.11545237,233275,58619616.11,57.11545237,1388.541667
14/9/18,6512.71,4076220000,7.02E+12,0.819058953,12063757.56,51.50851401,234209,51641090.38,51.50851401,1582.493243
15/9/18,6543.2,3216300000,7.02E+12,1.057485,10861356.28,48.65109198,223250,46058269.8,48.65109198,1691.287879
16/9/18,6517.18,3273730000,7.02E+12,0.789859057,11509988.85,54.53136078,211071,48849680.09,54.53136078,1507.65
17/9/18,6281.2,3910780000,7.02E+12,0.627328396,11344822.24,63.20833864,179483,48500753.8,63.20833864,1291.244604
18/9/18,6371.3,4180090000,7.02E+12,0.90764783,10912753.53,45.44102704,240152,47105048.66,45.44102704,1778.903704
19/9/18,6398.54,4431340000,7.02E+12,0.936313514,11296243.38,46.24698937,244259,49547532.66,46.24698937,1720.133803
20/9/18,6519.67,4348110000,7.02E+12,0.804437244,12463162.54,49.64671557,251037,54432500.67,49.64671557,1609.211538
21/9/18,6734.95,6531940000,7.03E+12,0.815061117,12472948.47,49.16920329,253674,54756137.2,49.16920329,1647.233766
22/9/18,6721.98,4509660000,7.15E+12,1.012301729,12176819.27,44.59540259,273051,51200543.88,44.59540259,1896.1875
23/9/18,6710.63,4197500000,7.15E+12,0.732038903,13124461.71,58.1920559,225537,55111696.54,58.1920559,1455.077419
24/9/18,6595.41,4177310000,7.15E+12,0.65563344,12679234.03,63.29521426,200319,53333899.87,63.29521426,1335.46
25/9/18,6446.47,4726180000,7.15E+12,0.80711402,12385677.98,52.11292119,237670,52622781.21,52.11292119,1605.878378
26/9/18,6495,4437300000,7.15E+12,0.768240781,13676604.3,54.24791385,252113,60089527.19,54.24791384,1491.792899
27/9/18,6676.75,4606810000,7.15E+12,0.898005353,11369486.09,46.61019931,243927,49422747.22,46.61019931,1754.870504
28/9/18,6644.13,5014430000,7.15E+12,0.877031231,11836751.48,47.59717668,248686,50844984.55,47.59717668,1739.062937
29/9/18,6601.96,4363690000,7.15E+12,0.855168669,13046981.4,51.31778132,254239,54756137.2,51.31778132,1650.902597
30/9/18,6625.56,4002280000,7.15E+12,0.693383605,12571059.9,57.57587925,218339,54045018.54,57.57587925,1436.440789
1/10/18,6589.62,4000970000,7.15E+12,0.626711307,13535231.1,65.00759378,208210,57956171.2,65.00759378,1277.361963
2/10/18,6556.1,3979260000,7.15E+12,0.857105918,13160999.45,54.20064017,242820,56178374.53,54.20064017,1536.835443
3/10/18,6502.59,3887310000,7.15E+12,1.015335803,11407332.66,46.60391163,244772,48711628.55,46.60391163,1786.656934
4/10/18,6576.69,3838410000,7.15E+12,0.838225669,11865841.35,48.97108723,242303,51556103.21,48.97108723,1671.055172
5/10/18,6622.48,3671500000,7.36E+12,0.798640053,12429603.12,51.11760353,243157,55588275.24,51.11760353,1621.046667
6/10/18,6588.31,3259740000,7.45E+12,0.963110885,10814043.71,44.18963673,244719,48176505.21,44.18963673,1882.453846
7/10/18,6602.95,3306630000,7.45E+12,0.92210188,10399267.32,48.4040314,214843,46323562.7,48.4040314,1718.744
8/10/18,6652.23,3979460000,7.45E+12,0.831893479,11727102.62,53.37026919,219731,52623567.23,53.37026919,1547.401408
9/10/18,6642.64,3580810000,7.45E+12,0.965177556,11279998.43,45.47634639,248041,50029447.71,45.47634639,1837.340741
10/10/18,6585.53,3787650000,7.45E+12,0.966413523,10870641.02,46.08898856,235862,48176505.21,46.08898856,1814.323077
11/10/18,6256.24,5181640000,7.45E+12,0.896905521,11916022.17,48.64774612,244945,53364744.23,48.64774612,1701.006944
12/10/18,6274.58,3783500000,7.45E+12,0.920825635,12534246.13,47.75551262,262467,58923571.75,47.75551262,1650.735849
13/10/18,6285.99,3064030000,7.45E+12,1.128503023,10445356.73,42.95424976,243174,48917682.21,42.95424976,1842.227273
14/10/18,6290.93,3085320000,7.45E+12,0.862022191,11117559.49,54.20634865,205097,52252978.72,54.20634865,1454.588652
15/10/18,6596.54,7370770000,7.45E+12,0.957302088,9054868.806,47.34349132,191259,42247089.18,47.34349132,1677.710526
16/10/18,6596.11,4074800000,7.45E+12,0.943760957,13215486.35,49.50640151,266945,60035337.26,49.50640151,1647.808642
17/10/18,6544.43,4088420000,7.45E+12,1.066273815,11259236.32,43.64603349,257967,50029447.71,43.64603349,1910.866667
18/10/18,6476.71,3924080000,7.45E+12,1.049207804,11502916.7,44.1804745,260362,51141213.22,44.1804745,1886.681159
19/10/18,6465.41,3578870000,7.43E+12,0.996208051,11448484.29,45.17058313,253450,49274490.48,45.17058313,1836.594203
20/10/18,6489.19,3379130000,7.18E+12,1.018147845,11629773.63,45.81789742,253826,50702736.58,45.81789742,1787.507042
21/10/18,6482.35,3253610000,7.18E+12,0.88788549,11691729.24,51.31980478,227821,51059798.11,51.31980478,1593.153846
22/10/18,6487.16,3672860000,7.18E+12,0.823540116,11348423.02,53.65557798,211505,49274490.48,53.65557798,1532.644928
23/10/18,6475.74,3716150000,7.18E+12,0.916539568,12699337.84,49.73812819,255324,55344536.41,49.73812819,1647.251613
24/10/18,6495.84,3424670000,7.18E+12,0.932260416,12584228.61,49.64917408,253463,54987474.89,49.64917408,1645.863636
25/10/18,6476.29,3230550000,7.18E+12,1.141656575,9303249.642,36.61384954,254091,40347952.35,36.61384954,2248.59292
26/10/18,6474.75,3306050000,7.18E+12,1.035430299,11207341.46,44.01958161,254599,48917428.96,44.01958161,1858.386861
27/10/18,6480.38,3393250000,7.18E+12,1.058047336,11687812.02,46.19652025,253002,51059798.11,46.19652025,1769.244755
28/10/18,6486.39,3445190000,7.18E+12,0.913874301,11076740.77,47.38732899,233749,48560367.43,47.38732899,1718.742647
29/10/18,6332.63,4199910000,7.18E+12,0.828287614,11390873.44,51.80966722,219860,49988613.53,51.80966722,1570.428571
30/10/18,6334.27,3781100000,7.18E+12,0.98382061,11773496.66,43.64530892,269754,52130982.68,43.64530892,1847.630137
31/10/18,6317.61,4191240000,7.18E+12,0.943664909,12264134.07,43.28614665,283327,54987474.89,43.28614665,1839.785714
1/11/18,6377.78,3789400000,7.18E+12,0.918292963,12962284.69,44.96374982,288283,58201028.61,44.96374982,1768.607362
2/11/18,6388.44,4234870000,7.18E+12,0.979455208,12319622.95,43.69574823,281941,54999360.85,43.69574823,1830.785714
3/11/18,6361.26,3658640000,7.18E+12,1.11705493,11535019.9,39.40848059,292704,51070835.08,39.40848059,2046.881119
4/11/18,6376.13,4390020000,7.18E+12,0.885550503,12893634.88,51.66464267,249564,57499331.8,51.66464267,1550.086957
5/11/18,6419.66,4174800000,7.18E+12,1.035187366,9909549.949,43.79969656,226247,43928060.94,43.79969656,1839.406504
6/11/18,6461.01,4700040000,7.18E+12,1.044358174,11706835.7,39.5123436,296283,51427973.78,39.5123436,2057.520833
7/11/18,6530.14,4941260000,7.18E+12,1.072038438,10436213.88,36.56043902,285451,45713754.47,36.56043902,2230.085938
8/11/18,6453.72,4665260000,7.18E+12,1.144160846,10758522.35,36.62675192,293734,46428031.89,36.62675192,2259.492308
9/11/18,6385.62,4346820000,7.18E+12,1.169965612,9946659.822,35.83129437,277597,43213783.53,35.83129436,2294.190083
10/11/18,6409.22,3705320000,7.18E+12,1.13519578,10321706.72,36.35735171,283896,45356615.77,36.35735171,2235.401575
11/11/18,6411.27,3939060000,7.18E+12,0.955554313,10584955.89,41.92078339,252499,46785170.59,41.92078339,1927.473282
12/11/18,6371.27,4295770000,7.18E+12,0.874062295,11730527.06,47.49374294,246991,52142251.2,47.49374294,1691.719178
13/11/18,6359.49,4503800000,7.18E+12,1.066877571,11326127.08,37.75300188,300006,49999418.96,37.75300188,2142.9
14/11/18,5738.35,7398940000,7.18E+12,1.110003267,9673254.194,34.65129028,279160,42856644.82,34.65129028,2326.333333
15/11/18,5648.03,7032140000,7.18E+12,1.094776667,10581750.71,36.1454141,292755,48213725.42,36.1454141,2168.555556
16/11/18,5575.55,5279320000,7.18E+12,1.193645071,9131131.586,31.32195038,291525,45356615.77,31.32195038,2295.472441
17/11/18,5554.33,4303150000,7.18E+12,1.158173595,9020655.432,31.86114717,283124,41672924.13,31.86114717,2247.015873
18/11/18,5623.54,4159680000,6.65E+12,0.914248869,10194101.71,38.81264239,262649,47956936.5,38.81264239,1811.372414
19/11/18,4871.49,7039560000,6.65E+12,0.954274699,8720411.743,36.36489845,239803,40680711.65,36.36489845,1949.617886
20/11/18,4451.87,8428290000,6.65E+12,1.100711952,8565705.294,31.96504582,267971,41672924.13,31.96504582,2126.753968
21/11/18,4602.17,6120120000,6.65E+12,1.203740303,8032834.08,27.84827208,288450,43657349.09,27.84827208,2185.227273
22/11/18,4365.94,4569370000,6.65E+12,1.213546219,6176914.177,24.22870369,254942,34727436.77,24.22870369,2428.019048
23/11/18,4347.11,4871490000,6.65E+12,1.218455311,7114929.819,26.73619707,266116,40349974.16,26.73619707,2181.278689
24/11/18,3880.76,4679500000,6.65E+12,1.131096584,6892717.835,25.04066262,275261,41342186.64,25.04066262,2202.088
25/11/18,4009.97,6825640000,6.65E+12,0.980274238,7809122.345,31.23436544,250017,47295461.51,31.23436544,1748.370629
26/11/18,3779.13,6476900000,6.65E+12,1.010554047,6192219.69,25.88114693,239256,42003661.62,25.88114693,1883.905512
27/11/18,3820.72,5998720000,6.65E+12,1.186164189,5589818.893,21.74502219,257062,36711861.73,21.74502219,2315.873874
28/11/18,4257.42,7280280000,6.65E+12,1.071254038,6283605.988,23.39975343,268533,43326611.59,23.39975343,2049.870229
29/11/18,4278.85,6503347767,6.65E+12,1.111968441,6211551.653,24.41110311,254456,39027024.18,24.41110311,2156.40678
30/11/18,4017.27,6048016717,6.65E+12,1.202130114,5788394.49,23.5084617,246226,34727436.77,23.5084617,2345.009524
1/12/18,4214.67,5375314093,6.65E+12,1.209791366,5352395.992,21.39614719,250157,33404486.8,21.39614719,2476.80198
2/12/18,4139.88,5262697895,6.65E+12,1.068438403,6509108.176,26.9141572,241847,41011449.14,26.9141572,1950.379032
3/12/18,3894.13,5089570994,6.65E+12,1.005271763,6035630.094,27.10535221,222673,37704074.21,27.10535221,1953.27193
4/12/18,3956.89,5028069239,6.19E+12,1.101028246,5777217.666,24.00652256,240652,31998005.4,24.00652256,2110.982456
5/12/18,3753.99,5302481574,5.65E+12,1.083459616,6958363.405,25.75368873,270189,38734427.59,25.75368873,1957.891304
6/12/18,3521.1,5878333109,5.65E+12,1.036768085,6371334.814,24.8394151,256501,36488953.53,24.8394151,1973.084615
7/12/18,3419.94,6835615448,5.65E+12,1.09192977,6422799.815,22.96695136,279654,37892374.82,22.96695136,2071.511111
8/12/18,3476.11,5305024497,5.65E+12,1.222291368,4959282.005,19.53319156,253890,31998005.4,19.53319156,2227.105263
9/12/18,3614.23,4947372847,5.65E+12,0.970701047,5521458.334,23.89166061,231104,35646900.75,23.89166061,1819.716535
10/12/18,3502.66,5020968740,5.65E+12,0.948841625,5705487.756,23.91546159,238569,35927585.01,23.91546159,1863.820313
11/12/18,3424.59,4696765188,5.65E+12,1.141154274,5543093.347,21.45550215,258353,34804847.98,21.45550215,2083.491935
12/12/18,3486.95,4139364829,5.65E+12,1.07667292,5433317.237,21.60476381,251487,35085532.24,21.60476381,2011.896
13/12/18,3313.68,4343372456,5.65E+12,1.1335625,5270463.568,20.16067281,261423,33682110.95,20.16067281,2178.525
14/12/18,3242.48,4372763663,5.65E+12,1.084257023,5653823.064,21.06318805,268422,36769637.78,21.06318805,2049.022901
15/12/18,3236.76,3551763561,5.65E+12,1.05868513,6065304.907,21.99159868,275801,40979901.65,21.99159868,1889.047945
16/12/18,3252.84,3744248994,5.65E+12,0.941854396,6066378.704,23.07669576,262879,41821954.43,23.07669576,1764.288591
17/12/18,3545.86,5409247918,5.65E+12,1.019919557,4750978.913,20.9799778,226453,32278689.66,20.9799778,1969.156522
18/12/18,3696.06,5911325473,5.65E+12,0.990779438,6855967.43,22.94323874,298823,44909481.26,22.94323874,1867.64375
19/12/18,3745.95,6810689119,5.62E+12,1.078395297,5802769.461,21.79484858,266245,32491732.53,21.79484858,2080.039063
20/12/18,4134.44,8927129279,5.11E+12,1.084764671,7217876.414,23.8692704,302392,37822407.4,23.8692704,2029.47651
21/12/18,3896.54,7206015706,5.11E+12,1.139195022,6831099.247,23.77912037,287273,34268624.16,23.77912037,2127.948148
22/12/18,4014.18,5605823233,5.11E+12,1.048346286,7151635.291,25.48802975,280588,35537832.46,25.48802975,2004.2
23/12/18,3998.98,6151275490,5.11E+12,0.806539171,8628688.412,34.3476865,251216,44422290.57,34.3476865,1435.52
24/12/18,4078.6,7240968501,5.11E+12,0.740468193,8922674.958,35.58550907,250739,44676132.24,35.58550907,1424.653409
25/12/18,3815.49,6158207293,5.11E+12,0.932735355,8035501.839,29.51006379,272297,38583932.39,29.51006379,1791.427632
26/12/18,3857.3,5326547918,5.11E+12,0.821911176,7649829.927,28.86161933,265052,40360824.01,28.86161933,1666.993711
27/12/18,3654.83,5130222366,5.11E+12,0.889580548,7569379.548,26.90808748,281305,39853140.69,26.90808748,1791.751592
28/12/18,3923.92,5631554348,5.11E+12,0.885621408,8214950.878,27.38134417,300020,44168448.91,27.38134417,1724.252874
29/12/18,3820.41,4991655917,5.11E+12,0.93054403,7882682.24,25.57095713,308267,42391557.29,25.57095713,1845.91018
30/12/18,3865.95,4770578575,5.11E+12,0.973710138,6808599.983,25.69476935,264980,35030149.14,25.69476935,1920.144928
31/12/18,3742.7,4661840806,5.11E+12,0.76248679,8485747.747,31.70594624,267639,44676132.24,31.70594624,1520.676136